recruitId,recruitName,recruitTag
300032,Java开发工程师,2年及以上|本科|五险一金|餐饮补贴|通讯补贴|绩效奖金|年终奖金|定期体检
300033,Java开发工程师,3-4年|本科|java|数据库|spring|mybatis|dubbo|linux|微服务|redis|五险一金|绩效奖金|年终奖金|定期体检
300034,Java开发工程师,2-3年|大专|java|五险一金|补充医疗保险|补充公积金
300035,Java开发工程师,2年及以上|本科|五险一金|补充医疗保险|补充公积金|专业培训|定期体检|年终奖金|员工旅游
300036,Java开发工程师,2年及以上|本科|java|开发工程师|软件工程师|五险一金|员工旅游|绩效奖金|周末双休|加班补贴|带薪年假|节日福利|人才公寓宿舍
300037,Java开发工程师,3年及以上|本科|java|mysql|oracle|springboot|html|需求分析|redis|sql|vue|sqlserver|五险一金
300038,高级软件工程师Java,4年及以上|本科|计算机|java|mysql|数据库|spring|jquery|springmvc|javascript|sqlserver|解决方案|五险一金|专业培训|绩效奖金|年终奖金|定期体检|餐饮补贴|免费班车|提供住宿|双休|驻外补贴
300039,Java开发,3-4年|大专|五险一金|补充医疗保险|员工旅游|专业培训|年终奖金|绩效奖金|弹性工作|定期体检
300040,Java开发工程师,2年及以上|本科|五险一金|补充医疗保险|补充公积金|专业培训|定期体检|年终奖金|员工旅游
300041,中级Java工程师,3年及以上|大专|交通补贴|餐饮补贴|通讯补贴
300042,Java后端开发工程师,3年及以上|本科|专业培训|产品激励奖金
300043,Java开发工程师,1年及以上|本科
300044,JAVA开发工程师,3年及以上|本科|专业培训|定期体检|五险一金|员工旅游|股票期权|定期体检|绩效奖金|带薪年假
300045,java工程师,3-4年|本科|java|软件开发|软件工程师|软件|工程师|开发工程师|java开发|节日福利|周末双休|绩效奖金|五险一金|年终奖金|项目绩效
300046,中级Java工程师,3年及以上|本科|五险一金|交通补贴|餐饮补贴|免费班车|年终奖金|专业培训
300047,Java开发工程师,4年及以上|本科|java|软件开发|java开发|五险一金|年终奖金|定期体检|周末双休
300048,Java开发工程师,2年|本科|软件开发|软件工程师|java|java开发|五险一金|补充医疗保险|员工旅游|餐饮补贴|专业培训|绩效奖金|定期体检|生日福利|通讯补贴|交通补贴
300049,Java开发工程师,4年及以上|本科|java|mysql|linux|redis|vue|springcloud|前端|软件开发|spring|五险一金|年终奖金|员工旅游
300050,Java开发-13薪,2年及以上|大专|LIMS|员工旅游|专业培训|绩效奖金|年终奖金|餐饮补贴|五险一金|员工旅游|专业培训|绩效奖金|年终奖金|股票期权|定期体检
300051,Java开发工程师,2年|本科|开发|研发|前端|后端|五险一金|补充医疗保险|通讯补贴|餐饮补贴|年终奖金|定期体检|高温补助
300052,Python开发工程师,2年及以上|本科|五险一金|定期体检
300053,Python软件工程师,3年及以上|本科|后端|重庆|五险一金|交通补贴|通讯补贴|周末双休|商业保险|弹性工作|专业培训|定期体检|年终奖金|五险|绩效奖金|带薪年假|补充医疗保险|节日礼金|双休
300054,Python工程师,3年及以上|本科|做五休二|高温补贴|通讯补贴|节日福利|五险一金|带薪年假
300055,Python开发,5-10年|本科|ansible|五险一金|补充医疗保险|定期体检|专业培训
300056,Python开发工程师,3-4年|本科|Odoo|python编程|五险一金|节日福利
300057,Python开发工程师,3-4年|本科|计算机|开发|调试|编程|研发|结构设计|数学|docker|多线程|ai|五险一金|定期体检|弹性工作|专业培训
300058,Python开发工程师,3年及以上|本科|五险一金|年终奖金|免费班车|餐饮补贴|定期体检|员工旅游|周末双休
300059,高级Python工程师,3-8年|大专|mysql|数据库|linux|redis|架构设计|代码实现|https|requests|xpath|网页抓取|五险一金
300060,Python开发工程师,2年|本科|python|软件开发|软件工程师|五险一金|员工旅游|餐饮补贴|年终奖金|定期体检
300061,python开发工程师,2年及以上|本科|mysql|数据库|数据分析|linux|redis|数据结构|数据库设计|文档编写|大数据|mongodb|五险一金|员工旅游|定期体检|弹性工作|专业培训|绩效奖金|年终奖金
300062,Python开发工程师,2年及以上|本科|Python|C++|Mysql|五险一金|弹性工作
300063,Python开发工程师,3-4年|本科|计算机|mysql|oracle|linux|redis|编程|shell|关系型数据库|web前端开发|postgresql|五险一金|年终奖金|绩效奖金|周末双休|带薪年假|定期体检|交通补贴
300064,Python工程师,2年|本科
300065,Python软件开发工程师,2年|本科|python|软件工程师|五险一金|定期体检|公司旅游|绩效奖金|员工旅游|年终奖金
300066,Python开发工程师,3-5年|本科|计算机|需求分析|开发|英语|性能测试|编码|大数据|性能调优|技术文档|数据结构算法|五险一金|交通补贴|出国机会|专业培训|通讯补贴|餐饮补贴|弹性工作|定期体检|超长年休假
300067,Python开发工程师,3-4年|本科|计算机|mysql|oracle|linux|redis|编程|shell|关系型数据库|web前端开发|postgresql|五险一金|年终奖金|绩效奖金|周末双休|带薪年假|定期体检|交通补贴
300068,Python工程师,3年及以上|本科|java|五险一金|补充医疗保险|补充公积金
300069,Python开发工程师,2年及以上|本科|计算机|编程|架构优化|五险一金|周末双休|年终奖金|专业培训|带薪年假|包三餐
300070,Python开发工程师,5-7年|本科|python|数据库|脏数据处理|单病种|计算机软件|医学|医疗信息化|django|餐饮补贴|弹性工作|专业培训|员工旅游|五险一金|绩效奖金
300071,Python开发工程师,3年及以上|本科|计算机|mysql|oracle|linux|redis|编程|shell|关系型数据库|web前端开发|postgresql|五险一金|年终奖金|绩效奖金|周末双休|带薪年假|定期体检|交通补贴
300072,网络安全工程师,2年及以上|本科|安全防护系统|网络安全技术|网站渗透|ddos攻击|ddos攻防|服务漏洞扫描|数据包结构|网络安全管理|tcp/ip协议|sql注入|交通补贴|绩效奖金|定期体检|五险一金|免费班车|带薪高温假|多晋升通道
300073,网络安全工程师,3年及以上|本科|通信|文档编写|计算机网络|网络安全|iso|渗透测试|cisp|安全加固|等级保护|能源行业|五险一金|定期体检|五险一金|定期体检
300074,网络安全工程师,3年及以上|本科|安全服务|电力监控系统|测评报告|网络安全保障|风险评估报告|网络安全运维|安全检测|五险一金|补充医疗保险|补充养老保险|专业培训|节日福利|定期体检|免费班车|年终奖金|周末双休
300075,高级网络安全工程师,5年及以上|本科|管理|数据库|项目管理|团队管理|客户沟通|运维|服务器|大数据|质量控制|中间件|周末双休|带薪年假|五险一金|绩效奖金|餐饮补贴|节日福利|补充医疗保险|年终奖金|定期体检|节日补贴
300076,网络安全工程师 (MJ000123),3年及以上|大专|网络安全|安全措施|安全加固|安全攻防|安全审查|漏洞管理|五险一金|员工旅游|专业培训|年终奖金|绩效奖金|定期体检|员工宿舍|五险一金|员工旅游|专业培训
300077,网络安全工程师,3年及以上|大专|网络安全|渗透测试|蜜罐|防火墙|入侵检测|安全产品|五险一金|年终奖金|交通补贴|节假日红包|团体意外险
300078,网络安全工程师,3年及以上|本科|安全服务|电力监控系统|测评报告|网络安全保障|风险评估报告|网络安全运维|安全检测|五险一金|补充医疗保险|补充养老保险|专业培训|节日福利|定期体检|免费班车|年终奖金|周末双休
300079,网络安全工程师,3-5年|本科|linux|运维|it|服务器|网络安全|交换机|网络设备|故障排除|配置管理|it系统|专业培训|节日福利|员工旅游|定期体检|绩效奖金|年终奖金|五险一金
300080,网络安全测评工程师-研发中心,2年|本科|渗透测试|网络安全|五险一金|绩效奖金|餐饮补贴|年终奖金|股票期权|专业培训|定期体检
300081,驻场IT网络安全工程师,3-4年|本科|系统运维|网络|安全|CCIE|五险一金|专业培训|年终奖金|员工旅游|定期体检
300082,信息网络安全工程师,1年及以上|本科|网络安全|网络系统|安全产品|年终奖金
300083,网络安全运维工程师,3年及以上|本科|驻场运维|网络工程师|信息安全|五险一金|年终奖金|绩效奖金|定期体检
300084,网络安全等级保护测评师（项目经理）(J10007),3年及以上|本科|项目管理|安全|测评|测评报告|保测评|带薪年假|五险一金|绩效奖金|餐饮补贴|周末双休|年终奖金
300085,网络安全工程师,3年及以上|本科|安全日志|渗透测试|安全设备|安全巡检|安全服务|linux|java|go|脚本语言|五险一金|定期体检|周末双休|电脑补贴
300086,网络安全工程师,2年|本科|计算机|网络安全|电商平台|tcp|ip协议|防火墙|安全漏洞|网络安全攻防|安全评估|ddos|五险一金|带薪年假|高温补贴|节日福利|定期体检|通讯补贴|工作餐|生日福利|司龄工资
300087,高级网络安全工程师,3-4年|本科|网络安全|go|应急处理|数据安全|安全防护|漏洞扫描|nmap|网络安全攻防|ips|nessus|餐饮补贴|专业培训|五险一金|补充医疗保险|年终奖金|定期体检|绩效奖金|企业年金|员工团体险|雇主责任险
300088,网络安全等级保护测评师（项目经理）(J10036),5年及以上|本科|培训|计算机|管理|售前支持|项目策划|网络工程|管理培训|政策法规|cisp|安全服务|带薪年假|五险一金|绩效奖金|餐饮补贴|周末双休|年终奖金
300089,网络安全工程师,3年及以上|本科|网络安全|安全事件处理|cissp|java|事件响应|网络安全检测|python|五险一金|补充医疗保险|交通补贴|定期体检|周末双休|绩效奖金|专业培训
300090,网络安全工程师,3年及以上|本科|网络设备|安全设备|五险一金|补充公积金|交通补贴|餐饮补贴
300091,网络安全工程师(007104),3-4年|本科|网络安全|防火墙|网络工程|应急演练|渗透测试|安全产品|cissp|漏洞扫描|cisp_pte|五险一金|定期体检|专业培训|周末双休
300092,网络安全工程师,3-5年|本科|渗透测试|技术研究|sql注入|漏洞挖掘|红队技术|五险一金|交通补贴|餐饮补贴|通讯补贴|定期体检|员工旅游
300093,软件网络安全工程师,2年及以上|本科|网络安全培训|五险一金|年终奖金|专业培训|定期体检|年度调薪|免费工作餐|交通补贴
300094,网络安全测评工程师（非驻场）,2年|本科|应急演练|cisp|ccnp|入网安全测评|渗透测试|漏洞扫描|cissp|hcip|cisaw|cisp_pte|周末双休|五险|节日福利
300095,数据中心-应用安全岗-网络安全专项招聘(J66900),3年及以上|本科|金融|软件开发|安全管理|保险行业|应用开发|风险管控|应用安全|安全风险评估|信息安全|五险一金|补充医疗保险|年终奖金|定期体检|五险一金|补充医疗保险|餐饮补贴|绩效奖金|全额社保|采暖补贴|高温补贴|定期体检|带薪年假|周末双休
300096,网络安全运维工程师,3-4年|本科|运维|网络设备|华为|h3c|锐捷|中兴|技术支持|网络安全运维|五险一金|通讯补贴|年终奖金|绩效奖金|定期体检|交通补贴|专业培训
300097,网络安全工程师,5年及以上|本科|汽车行业|mcu|dsp|安全分析|安全计划|漏洞分析|汽车电子开发|信息安全|汽车网络安全|汽车信息安全|五险一金|员工旅游|专业培训
300098,网络安全工程师-安全服务方向,2年及以上|本科|计算机|数据库|项目实施|网络|项目验收|中间件|操作系统|安全检查|网络安全|防火墙|补充医疗保险|餐饮补贴|定期体检|六险二金|大型央企|周末双休
300099,网络安全工程师(J12717),5年及以上|本科|网络安全|五险一金|交通补贴|餐饮补贴|通讯补贴|节日福利
300100,网络安全工程师,3年及以上|本科|网络安全|cisp|pmp|漏洞扫描|五险一金|定期体检|专业培训|周末双休|带薪年假|做五休二
300101,网络安全工程师,5年及以上|本科|汽车行业|mcu|dsp|安全分析|安全计划|漏洞分析|汽车电子开发|信息安全|汽车网络安全|汽车信息安全|五险一金|员工旅游|专业培训
300102,信息网络安全工程师,2年及以上|本科|计算机|网络安全|数据安全|网络|linux|oracle|pmp|ccnp|防火墙|风险控制|五险一金|员工旅游|绩效奖金|年终奖金
300103,网络安全工程师(J12672),5年及以上|本科|安全|数据安全|网络安全|五险一金|交通补贴|餐饮补贴|通讯补贴|节日福利
300104,网络安全,2年及以上|本科|防火墙|tcp/ip协议|网络安全技术|网站渗透|数据包结构|安全防护系统|网络安全管理|权限管理|安全策略|病毒木马防范|定期体检|五险一金|补充医疗保险|年终奖金|股票期权|多晋升通道|双休
300105,网络安全工程师,3年及以上|大专|计算机|网络安全|五险一金|员工旅游|补充医疗保险|通讯补贴|专业培训|绩效奖金|周末双休
300106,网络安全运维工程师,3年及以上|本科|计算机|mysql|数据库|网络|docker|tcp|防火墙|postgresql|交换机|网络设备|绩效奖金|年终奖金|专业培训|节日福利
300107,信息网络安全工程师,无需经验|大专|培训|javascript|网络|自动化测试|安全|编程语言|网络安全|面向对象编程|数据安全|安全保障|五险一金|补充医疗保险|补充公积金|免费班车|员工旅游|交通补贴|餐饮补贴|年终奖金|定期体检
300108,网络安全工程师,3年及以上|大专|计算机|数据库|安全|操作系统|tcp|网络安全|防火墙|网络设备|信息系统|华为|专业培训|年终奖金|弹性工作|定期体检|五险
300109,网络安全运维工程师,10年及以上|大专|带薪年假|五险一金|节日福利|专业培训|周末双休|加班补贴|做五休二
300110,网络安全运维工程师,3年及以上|本科|计算机|mysql|数据库|网络|docker|tcp|防火墙|postgresql|交换机|网络设备|绩效奖金|年终奖金|专业培训|节日福利
300111,网络安全高级咨询顾问,5年及以上|本科|计算机|数据库|咨询|软件工程|文档编写|技术方案|安全|操作系统|网络安全|网络设备|五险一金|交通补贴|绩效奖金|定期体检
300112,高级软件工程师,2年及以上|本科|c语言编程|单片机编程|arm|软件架构|编写代码|设计开发|测试验证|员工旅游|绩效奖金|年终奖金|包住宿|带薪年假|五险
300113,嵌入式软件工程师,3年及以上|本科|mcu|c++|五险一金
300114,高级软件工程师,5年及以上|本科|计算机|电子|软件开发|通信|c||需求文档|编程语言|pandas|故障排查|新能源汽车|五险一金|定期体检|员工旅游|补充公积金|交通补贴|餐饮补贴|年终奖金
300115,软件工程师,2年及以上|硕士|电子|c++|软件开发|通信|代码编写|多线程|编程语言|技术文档|mfc|vc++|五险一金|员工旅游|通讯补贴|专业培训|绩效奖金|年终奖金|股票期权|弹性工作|定期体检
300116,嵌入式软件工程师,3年及以上|本科|linux|arm|can|文档编制|电路原理图|调试工具|软件协议|计算机|年终奖金|社会保险|节日福利
300117,嵌入式软件工程师,3年及以上|本科|mcu|c++|五险一金
300118,软件工程师(机器人方向),3年及以上|本科|Ubuntu|CANopen|EtherCAT|运动控制系统|自动化控制|机器人|软件开发|研发|仿真优化|测试、调试|五险一金|定期体检|餐饮补贴|高温补贴|节日福利|全勤奖|带薪年假|加班补助
300119,DSP软件工程师,3年及以上|本科|dsp|嵌入式|产品开发|软件设计|软件开发设计|光伏储能|五险一金|年终奖金|定期体检|专业培训
300120,软件工程师-怀宁,2年|本科|节日福利|工作餐|年终奖金|生日福利|绩效奖金|缴纳社保
300121,嵌入式软件工程师,3年及以上|本科|电子|stm32|故障排查|freertos|文档编辑|电池管理系统|软硬件联调|mcu软件开发|测试软件开发|python|五险一金|定期体检|员工旅游|补充公积金|交通补贴|餐饮补贴|年终奖金
300122,嵌入式软件工程师,2-5年|硕士|计算机|电子|c++|软件开发|通信|光模块|高速光模块|软件开发语言|五险一金|免费班车|餐饮补贴|专业培训|年终奖金|生日福利|节日福利|包住宿|项目奖|知识产权奖
300123,软件工程师,2年及以上|大专|java|c语言|蓝牙|补充医疗保险|员工旅游|专业培训|出国机会|绩效奖金|年终奖金|定期体检|社保|生日会|定期聚餐
300124,软件工程师(AGV方向),3年及以上|本科|Ubuntu|CANopen|EtherCAT|自动化控制|AGV|测试、调试|研发|仿真优化|文档编辑|平台搭建|五险一金|定期体检|餐饮补贴|高温补贴|节日福利|全勤奖|带薪年假|加班补助
300125,Windows C++工程师 软件工程师,2年及以上|本科|免费班车|补充医疗保险|餐饮补贴|交通补贴|通讯补贴|专业培训|定期体检
300126,应用软件工程师,1年及以上|本科|五险一金|补充医疗保险|补充公积金|通讯补贴|餐饮补贴|交通补贴|专业培训|定期体检|绩效奖金|年终奖金
300127,燃料电池控制系统软件工程师,3年及以上|本科|燃料电池系统|系统软件设计|五险一金|绩效奖金|年终奖金
300128,嵌入式音频处理软件工程师,2年及以上|本科|系统集成|声音|信号处理|音箱|音频处理|五险一金|周末双休|不加班|弹性上班|年终奖
300129,单片机软件工程师,2年及以上|大专|单片机|c语音|五险一金|专业培训
300130,软件工程师,2年及以上|本科|补充医疗保险|员工旅游|交通补贴|通讯补贴|专业培训|绩效奖金|年终奖金|定期体检|五险|工龄奖|慈孝金|高温补贴
300131,嵌入式软件工程师,无需经验|大专|电子|测试|软件开发|c语言|机电|嵌入式|自控|电子硬件|技术资料归档|自动测试软件|五险一金|定期体检|带薪年假|法定节假日|员工食堂|节日慰问
300132,高级嵌入式软件工程师,2年及以上|大专|电子|测试|模拟电路|英语四级|理工|产品研发|ti|软件工程师|pic|单片机|年终奖金|大小周休假|节日福利|五险|包住
300133,软件工程师,2年及以上|大专|电子|arm|数字|c/c++|绩效奖金|年终奖金|包住宿|五险
300134,嵌入式软件工程师,2年|大专|五险一金|年终奖金|定期体检|餐饮补贴|提供住宿
300135,软件工程师,3年及以上|本科|五险一金|交通补贴|餐饮补贴|通讯补贴|绩效奖金|年终奖金|弹性工作
300136,嵌入式软件工程师,3-4年|本科|嵌入式|软件工程师|c++|STM32|生物医学|计算机|芯片|UART|五险一金|餐饮补贴
300137,嵌入式软件工程师,3年及以上|本科|计算机|linux|测试|调试|自动化|c++|软件开发|多线程|mcu|物联网|五险一金|绩效奖金|员工旅游|年终奖金|专业培训
300138,嵌入式软件工程师高薪急聘,5年及以上|本科|keil|硬件工程师|模拟电路|电路原理|软件工程师|研发|大小周|电子|高薪急聘|五险一金|员工旅游|年终奖金|股票期权|弹性工作|下午茶|季度奖|年假|聚餐|大小周
300139,软件工程师（系统） (MJ000111),2年及以上|本科|自动化设备|五险一金|专业培训|年终奖金|定期体检|班车|员工宿舍
300140,高级嵌入式软件工程师,5-7年|本科|扫地机器人|控制软件开发|软件工程|五险一金|补充医疗保险|带薪年假|绩效奖金|全勤奖|节日福利|专业培训|交通补贴|加班补贴|高温补贴
300141,嵌入式软件工程师1177,3年及以上|本科|c++|文档编写|电子信息|通信工程|设计文档|信息|功能调试|二层交换|软件升级维护|系统设计|五险一金|补充医疗保险|弹性工作|专业培训|年终奖金|定期体检|员工旅游
300142,嵌入式软件工程师,3-4年|本科|can/lin|c|嵌入式软件|BootLoader|五险一金|弹性工作|年终奖金|13薪
300143,嵌入式软件工程师(J28879),5年|本科
300144,嵌入式软件工程师,3年及以上|本科|linux|c++|编程|集成测试|计算机科学|嵌入式系统|嵌入式|嵌入式软件|rtos|存储器|五险一金|年终奖金|绩效奖金|带薪年假|节日福利|专业培训
300145,嵌入式软件工程师,3-4年|本科|keil|iar|STM32单片机|RTOS|rtthread|freeRtos|五险一金|员工旅游|交通补贴|餐饮补贴|通讯补贴|专业培训|绩效奖金|年终奖金
300146,嵌入式软件工程师,2年|本科|开发|嵌入式|软件|五险一金|补充医疗保险|员工旅游
300147,软件工程师,2年|大专|五险一金|定期体检
300148,嵌入式软件工程师,5年及以上|大专|电子|需求分析|开发|需求调研|c++|代码编写|数字电路|spi|计算机软件|arm|专业培训|五险一金|节日礼物|生日礼物
300149,嵌入式软件工程师,2年|本科|五险一金|交通补贴|餐饮补贴|绩效奖金|年终奖金|定期体检|项目奖金|带薪病假|员工旅游
300150,软件工程师,3年及以上|本科|c++|数字电路|技术文档|vb|系统软件|rs232|调试软件|usb|模拟电路原理|激光医疗
300151,DSP软件工程师,2年及以上|本科|c++|代码编写|spi|汇编语言|i2c|dsp|系统优化|电子通信|c编程|五险一金|餐饮补贴|带薪年假|法定节假日|节日慰问
300152,iOS开发工程师,2年及以上|大专|计算机|objective_c|音视频|ios|电子商务|oc|支付|产品迭代|xcode|用户体验|五险一金
300153,ios开发工程师,1年|开发|app|产品设计|项目开发|架构设计|http|tcp|ui|选型|socket|交通补贴|免费班车|定期体检|专业培训|五险一金|补充医疗保险|补充公积金|餐饮补贴|员工旅游|弹性工作
300154,Android/iOS开发工程师,1年及以上|本科|计算机|java|测试|开发|eclipse|编程|产品开发|编码|xcode|ipad|五险一金|补充医疗保险|交通补贴|餐饮补贴|通讯补贴|出国机会|绩效奖金|年终奖金|弹性工作|定期体检
300155,iOS开发工程师,2年及以上|本科|需求分析|功能设计|ios|界面设计|技术文档编写|iphone|swift|软件代码|无线通信|objective|五险一金|专业培训|出国机会|绩效奖金|年终奖金|定期体检
300156,iOS开发工程师,3-4年|大专|五险一金|员工旅游|定期体检|交通补贴|餐饮补贴|通讯补贴
300157,iOS开发工程师,1年|开发|app|产品设计|项目开发|架构设计|http|tcp|ui|选型|socket|交通补贴|免费班车|定期体检|专业培训|五险一金|补充医疗保险|补充公积金|餐饮补贴|员工旅游|弹性工作
300158,iOS开发工程师,2年及以上|本科|ios|swift|objective_c|flutter|五险一金|员工旅游|股票期权|绩效奖金|带薪年假|创业公司
300159,iOS开发工程师,3年及以上|本科|计算机|编码|性能调优|技术文档|可行性方案|网络通讯|内存管理|模块编码|五险一金|年终奖金|弹性工作
300160,IOS开发工程师（双休）,2年及以上|大专|计算机|git|mvc|项目开发|ios|后端开发|性能调优|接口对接|mvvm|xcode|五险一金|补充医疗保险|员工旅游|交通补贴|餐饮补贴|绩效奖金|年终奖金|带薪年假|全勤奖|年底双薪|加班补贴|周末双休|节日礼品
300161,iOS开发工程师,1年|开发|app|产品设计|项目开发|架构设计|http|tcp|ui|选型|socket|交通补贴|免费班车|定期体检|专业培训|五险一金|补充医疗保险|补充公积金|餐饮补贴|员工旅游|弹性工作
300162,iOS开发工程师,1年及以上|本科|计算机|编程|研发|数据结构|app|设计模式|ios|算法|swift|objective_c|五险一金|通讯补贴
300163,iOS开发工程师,无需经验|本科|计算机|测试|开发|git|mvc|设计模式|文档编写|多线程|http|ios|五险一金|补充医疗保险|免费班车|绩效奖金|年终奖金|定期体检
300164,iOS 开发工程师,1年|本科|iOS|swift|rxswift|绩效奖金|定期体检|员工旅游|出国机会|五险一金|通讯补贴|年终奖金|弹性工作
300165,iOS开发工程师,1年|本科|开源框架|ios|objective_c|runtime|ui系统|源码阅读|动画效果|信息系统|ui组件|ios应用开发|五险一金|员工旅游|绩效奖金|专业培训|年终奖金|免费班车
300166,iOS开发工程师,无需经验|大专|ios开发|五险一金|员工旅游|专业培训|绩效奖金|年终奖金|补充医疗保险|补充公积金
300167,Flutter/IOS开发工程师,3-4年|本科|ios|软件开发|软件工程师
300168,iOS开发工程师,2年|本科|周末双休|五险一金|餐饮补贴|年终奖金|做五休二
300169,iOS开发工程师,1年及以上|本科|计算机|java|开发|自动化|软件开发|通信|软件工程|设计模式|多线程|http|五险一金|餐饮补贴|年终奖金|员工宿舍
300170,iOS开发工程师,2年及以上|本科|文档编写|架构设计|计算机软件|ios|swift|ios开发|内存管理|objective_c|app开发|技术攻坚|带薪年假|五险一金|节日福利|员工旅游|专业培训|周末双休|定期体检|年终奖金|全额社保
300171,iOS开发助理工程师(云及APP),1年|本科|linux|c++|软件开发|网络|app|ios|swift|objective_c|音视频|ui组件|五险一金|免费班车|弹性工作
300172,Android开发工程师,5年及以上|本科|android|安卓|安卓开发|软件开发|android开发|五险一金|员工旅游|年终奖金|周末双休
300173,Android开发工程师,1-7年|本科|java|数据库|网络|设计模式|android|多线程|面向对象编程|kotlin|android开发|安卓开发|五险一金
300174,Android开发工程师,1年及以上|大专|计算机|java|android|功能开发|性能调优|优化|kotlin|技术预研|gui|第三方库|五险一金|交通补贴|通讯补贴|定期体检|周末双休|节日福利|带薪年假
300175,Android开发工程师,1年|本科|android|安卓|安卓开发|android开发|framework|智能家居|java|IP通讯
300176,Android开发工程师,1年及以上|大专|计算机|java|android|功能开发|性能调优|优化|kotlin|技术预研|gui|第三方库|五险一金|绩效奖金|双休
300177,资深Android开发工程师,2年|本科
300178,Android开发工程师,3-4年|本科|android|安卓|安卓开发|嵌入式开发|五险一金|餐饮补贴|专业培训|年终奖金
300179,Android开发工程师,3年及以上|本科|android|五险一金|绩效奖金|年终奖金
300180,Android开发工程师,1年|本科|framework|五险一金|员工旅游|专业培训|绩效奖金|年终奖金|弹性工作|定期体检
300181,安卓Android开发工程师,5年及以上|本科|安卓逆向|xposed|HOOK|脱壳
300182,Android开发工程师,1年|本科|java|c++|项目开发|android|xml|json|debug|button|android开发|eventbus|五险一金|绩效奖金|节日福利|餐饮补贴|带薪年假|高温补贴|定期体检|免费班车|生日津贴|生育补助
300183,Android开发工程师,2-3年|本科|计算机|java|测试|网络|设计模式|单元测试|android|http|性能调优|五险一金|置业补贴|父母红包|带薪病假|全薪年假
300184,Android开发工程师,3-4年|本科|android|计算机|开发|数据结构算法|五险一金|员工旅游|定期体检|绩效奖金|专业培训|年终奖金
300185,Android开发工程师,2年及以上|大专|android|linux|c++|音视频编解码|ui设计|多线程|开源框架|五险一金|补充医疗保险|年终奖金|员工旅游|股票期权|定期体检|下午茶|团建活动|商业险|年休假|年度调薪
300186,Android开发工程师,2年|本科|五险一金|餐饮补贴|绩效奖金|年终奖金|员工旅游|定期体检|专业培训|节日福利
300187,Android开发工程师,1年|本科|android|安卓|安卓开发|软件开发|android开发|开发|软件工程师|工程师
300188,Android开发工程师,1年|大专|android|安卓|安卓开发|android开发
300189,Android开发工程师,2年|大专|计算机|java|c++|app|android|开源框架|代码|应用开发|androidsdk|开发调试|五险一金|员工旅游|年终奖金
300190,Android开发工程师,2年及以上|本科|android开发|开发文档|五险一金|绩效奖金|年终奖金
300191,Android 开发工程师,1年|大专|rxjava|retrofit|数据库|自定义控件|蓝牙|wifi|串口通信|独立开发|git|五险一金|员工旅游|餐饮补贴|年终奖金|定期体检|周末双休|带薪年假|全勤奖|节日福利
300192,android开发工程师,3-4年|大专|android|安卓|软件工程师|五险一金|绩效奖金|年终奖金
300193,Android开发工程师,2年及以上|本科|java|开发|svn|git|编程|android|http|软件设计|socket|ip|五险一金|绩效奖金|专业培训|节日福利
300194,资深Android开发工程师（第二药房）,5-7年|本科|android开发|五险一金|平台好|职位晋升|公司规模大
300195,Android开发工程师,无需经验|大专|android|安卓开发|五险一金|专业培训|年终奖金|员工旅游|带薪年假|节日福利|团建活动
300196,Android开发工程师,3-5年|本科|计算机|java|设计模式|android|多线程|ai|架构设计|ui|面向对象编程|网络协议|五险一金|交通补贴|餐饮补贴|通讯补贴|周末双休
300197,Android开发工程师,3年及以上|大专|英语口语|mvvm|kotlin|协程|五险一金|员工旅游|专业培训|绩效奖金|年终奖金|弹性工作|定期体检|六险一金
300198,Android开发工程师,1年|本科|五险一金|专业培训|带薪年假|全勤奖
300199,Android开发工程师 （双休）,2年及以上|大专|计算机|java|c++|产品设计|android|后端开发|接口对接|androidsdk|kotlin|五险一金|补充医疗保险|员工旅游|交通补贴|餐饮补贴|绩效奖金|年终奖金|带薪年假|全勤奖|年底双薪|加班补贴|周末双休|节日礼品
300200,Android开发工程师,3-4年|大专|java|kotlin|git|Ble|员工旅游|补充医疗保险|补充公积金|五险一金|绩效奖金
300201,Android开发工程师,2年|本科|Android开发|安卓研发|手机开发|互联网软件|缴纳五险|年终奖金|绩效奖金|做六休一
300202,Android开发工程师,2年|本科|Android|五险一金|绩效奖金|定期体检
300203,Android开发工程师,3-4年|本科|安卓|软件|五险一金|补充医疗保险|补充公积金|交通补贴|员工旅游|通讯补贴|定期体检|餐饮补贴
300204,Android开发工程师,2年及以上|本科|java|开发|svn|git|编程|android|http|tcp|软件设计|技术文档|五险一金|专业培训|带薪年假
300205,Android开发工程师,1年|大专|java|多线程|framework|五险一金|员工旅游|交通补贴|年终奖金|绩效奖金|餐饮补贴|专业培训|通讯补贴|法定假日|双休
300206,android开发工程师 安卓开发工程师,1年|大专|android开发|工程师|安卓开发|工程师|APP软件开发|五险一金|通讯补贴|员工旅游|年终奖金
300207,Android开发工程师,3-4年|本科|android|安卓|软件工程师|android开发|安卓开发|五险一金|股票期权|年终奖金|通讯补贴|定期体检|餐饮补贴|员工旅游
300208,Android开发工程师,2年|本科|java|多线程|数据库|framework|git|linux|xml|餐饮补贴|绩效奖金|周末双休|年终奖金|五险一金
300209,Android开发工程师,3-4年|本科|android|安卓|安卓开发|软件开发|android开发|开发|软件工程师|工程师|专业培训|通讯补贴|交通补贴|绩效奖金|弹性工作|周末双休|带薪年假|五险一金|补充医疗保险
300210,Android开发工程师,1年|本科|android|安卓|安卓开发|软件开发|android开发|开发|软件工程师|工程师|五险一金|员工旅游|交通补贴|餐饮补贴|通讯补贴|绩效奖金|年终奖金|股票期权|定期体检
300211,Android开发工程师,2年|本科|编程|android|软件设计|性能优化|内存优化|文档|功能测试|调试|网络|开发|餐饮补贴|年终奖金|专业培训|五险
300232,Senior Hardware Test Enginee,5年及以上|本科|hardware|test|五险一金|弹性工作|补充医疗保险|定期体检|年终奖金
300233,Radar Test Engineer-毫米波雷达(上海/苏州),3-4年|本科|雷达性能测试|暗室测试|天线标定
300234,Test Engineer,3年及以上|本科|Hardware|Software|Mechanical|Electrical|English|TestEngineer|扫地机器人|家电|五险一金|弹性工作|带薪年假
300235,Test Design Lead,5年及以上|本科|硬件测试|产线|NPI
300236,Test Expert Prototype Testing,5-7年|本科|五险一金|交通补贴|餐饮补贴|通讯补贴|专业培训|定期体检|弹性工作
300237,Radar Test Engineer-毫米波雷达(上海/苏州),3-4年|本科|雷达性能测试|暗室测试|天线标定
300238,Senior Test Engineer,7-10年|本科|Hardware|Software|Mechanical|Electrical|English|TestEngineer|扫地机器人|家电|五险一金|弹性工作|带薪年假
300239,Test & Validation Manager,5年及以上|本科|test|五险一金|补充医疗保险|补充公积金|免费班车|交通补贴|年终奖金|专业培训|弹性工作|定期体检
300240,Product/Test Engineer,5年及以上|大专|electronics|plastics|silicone|led|lighting|textiles|带薪年假|节日福利|专业培训|五险一金|免费班车|员工旅游|出国机会|年终奖金|餐饮补贴|做五休二
300241,Hardware test engineer,3-4年|本科|五险一金|补充医疗保险|员工旅游|年终奖金|定期体检|通讯补贴|弹性工作|专业培训
300242,Senior Test Engineer,7-10年|本科|Hardware|Software|Mechanical|Electrical|English|TestEngineer|扫地机器人|家电|五险一金|弹性工作|带薪年假
300243,Test Engineer,3年及以上|本科|测试|五险一金|年终奖金|通讯补贴
300244,ATE Application/Test Engineer-RF射频工程师,无需经验|本科|英文|英语沟通|射频电路设计|射频模块|数字通信|射频工程师|射频系统|C++|Labview|五险一金|交通补贴|餐饮补贴|通讯补贴|专业培训|出国机会|年终奖金|定期体检|员工旅游|绩效奖金
300245,ODOT-Hardware Test Engineer,5年及以上|本科|硬件测试|五险一金|补充医疗保险|员工旅游|年终奖金|定期体检|通讯补贴|弹性工作|专业培训
300246,Test Engineer,5-7年|本科|电机|电力电子
300247,Test Engineer,5-7年|本科|测试工程师|五险一金|交通补贴|专业培训|年终奖金|定期体检|包住宿|带薪年假|绩效奖金|加班补贴|住房补贴
300248,Senior QA Engineer/高级软件测试工程师,5年及以上|本科|五险一金|补充医疗保险|补充公积金|餐饮补贴|弹性工作|定期体检
300249,Reliability Test Engineer可靠性测试工程师,4年及以上|本科|可靠性测试|Camera|镜头|五险一金|补充医疗保险|员工旅游|年终奖金|定期体检|通讯补贴|弹性工作|专业培训
300250,DVT/ Electric Test Expert 研发测试专家,6年及以上|本科|Test|测试|免费班车|工作餐|节日福利|交通补贴|通讯补贴
300251,Sr Adv Test Mfg Engineer,5年及以上|本科|英文工作语言|设备测试|年终奖金|五险一金|弹性工作|定期体检|补充公积金|员工旅游|专业培训
300252,Test and Validation Global Manager,5年及以上|本科|capex|fce|opex|stress|test|专业培训|定期体检|绩效奖金|五险一金|补充医疗保险|餐饮补贴|周末双休|发展空间大
300253,测试工程师（老练测试）,3年及以上|大专|测试|电气|示波器|万用表|维护|理工科|保养|生产异常处理|阳极|检查|五险一金|补充医疗保险|交通补贴|餐饮补贴|通讯补贴|年终奖金|定期体检|带薪年假|周末双休|管理规范
300254,硬件测试工程师,5年及以上|本科|电子|测试|调试|性能测试|芯片测试|测试方案|测试设备|hdmi|网络分析仪|测试标准|五险一金|年终奖金|弹性工作|定期体检|带薪年假
300255,Test Engineer(J10008),3年及以上|本科|automation|electronics|pcie|五险一金|补充医疗保险|补充公积金|餐饮补贴|年终奖金|定期体检
300256,Senior Test Manager-23819,3年及以上|本科|Integration|Functional|test|PM|补充医疗保险|定期体检|七险一金|带薪年假|带薪病假|免费健身
300257,Firmware Test Manager（深圳光明）,8年及以上|本科|白盒测试|软件测试|固件测试|团队搭建|团队发展|团队管理|测试计划|测试报告|五险一金|免费班车|员工旅游|专业培训|年终奖金|定期体检|13薪|福利年假|过节费
300258,"Engineer,Test（电气测试工程师）",3年及以上|大专|硬件测试|电气测试|电性能测试|五险一金|补充医疗保险|免费班车|员工旅游|餐饮补贴|专业培训|绩效奖金|年终奖金|定期体检|出国机会
300259,系统测试经理 I System Test Manager(J13423),5年及以上|本科|微电子|系统测试|良率提升|测试流程|测试平台|ddr|arm|x86|团队管理建设|免费班车|餐饮补贴|五险一金|补充医疗保险|专业培训|年终奖金|定期体检|交通补贴
300260,Test Bench Engineer,3年及以上|本科|台架|试验|补充医疗保险|定期体检|五险一金|年终奖金|十天起年假
300261,E/E & Software Test Engineer-19610,3-5年|本科|LIN|CAN|FlexRay|以太网|CANoe|HiL系统|补充医疗保险|定期体检|七险一金|带薪年假|带薪病假|免费健身
300262,耳机测试开发工程师,3年及以上|大专|电子|软件|TWS耳机|耳机测试工艺|声学测试系统|测试环境搭建|测试设备调试|OWS耳机|新项目统筹|测试方案设计|五险一金|年终奖金|绩效奖金|五天工作制|住宿补贴
300263,Test Engineer/测试工程师（Lab）,1年及以上|本科|CAN|CV|DV|PV|可靠性|环境测试|质量验证|五险一金|免费班车|年终奖金|定期体检
300264,芯片测试工程师 IC Test Engineer,3-4年|本科|硬件测试|存储芯片|测试平台搭建|芯片测试|五险一金|交通补贴|餐饮补贴|通讯补贴
300265,Test Manager(汽车行业）,5年及以上|本科|ECN|PYTHON|自动化测试|CAN总线|五险一金|年终奖金|弹性工作|定期体检
300266,测试工程师 Test engineer,5年及以上|本科|plc|机械设计|电气|加工工艺|机械自动化|软件架构|设备维护管理|测控技术|电机驱动|tpm管理|员工旅游|交通补贴|通讯补贴|专业培训|出国机会|年终奖金|定期体检|五险一金|一年2次旅游
300267,Test Expert Future Fuel Systems,5-7年|本科|五险一金|交通补贴|餐饮补贴|通讯补贴|专业培训|定期体检|弹性工作
300268,Test Engineer,5-7年|本科|测试|五险一金|定期体检|带薪年假|餐饮补贴
300269,Analog Test Engineer （R&D）,5-7年|本科|Analog|测试开发
300270,Test Engineer-Suzhou,1-2年|本科|产品测试|仪器仪表|C语言|labview|五险一金|补充医疗保险|员工旅游|交通补贴|餐饮补贴|通讯补贴|专业培训|绩效奖金|年终奖金
300271,硬件测试工程师,3年及以上|本科|电子|测试|电气|软件测试|c语言|示波器|数字电路|自动化测试|测试环境|可靠性测试|五险一金|绩效奖金|免费班车|员工旅游|交通补贴|餐饮补贴|年终奖金
300272,运维工程师,1年|本科|五险一金|交通补贴|餐饮补贴|绩效奖金|年终奖金|定期体检|项目奖金|带薪病假|员工旅游
300273,运维/技术支持工程师,1年|本科|计算机|mysql|oracle|linux|网络|运维|shell|db2|关系型数据库|安装部署|五险一金|补充医疗保险|定期体检|员工旅游|绩效奖金|年终奖金|通讯补贴|专业培训|弹性工作
300274,运维工,2年及以上|中技/中专|维修|药厂|生产设备|交通补贴|餐饮补贴|节假日加班费
300275,共享电动车运维,无需经验|五险一金|绩效奖金|弹性工作
300276,IT运维,3-4年|大专|培训|mysql|oracle|服务器|故障处理|网络设备|文档撰写|维护管理|数据库系统|系统安装|五险一金|免费班车|绩效奖金|定期体检
300277,现场运维工程师,无需经验|本科|ie|pmp资格证书|精益管理|五险一金|免费班车|定期体检|周末双休|餐饮补贴|提供住宿
300278,IT运维工程师,1-3年|大专|计算机网络|系统维护|系统管理|网络管理|五险一金|交通补贴|餐饮补贴|专业培训|绩效奖金|定期体检|节日福利|带薪年假|提供住宿|做五休二
300279,机房运维工程师,2年及以上|中技/中专|空调|弱电|制冷|低压|高压|设备巡检|维修维护|冷冻机组|消防|定期维护|五险一金|补充医疗保险|绩效奖金|年终奖金|定期体检|租房补贴|做二休二|培训培养
300280,JAVA运维工程师,1年及以上|本科|java|mysql|oracle|数据库|linux|windows|软件|维护|理工|故障处理|五险一金
300281,网络工程师（驻场运维）,3年及以上|大专|计算机|通信|设备调试|安全|系统集成|zabbix|系统管理|网络系统|ccnp|数通|定期体检|弹性工作|股票期权|年终奖金|绩效奖金|专业培训|员工旅游|五险一金|交通补贴|通讯补贴|员工旅游|专业培训|年终奖金
300282,IT运维工程师,5-10年|本科|数据库|erp|开发|.net|mes|编程语言|文档整理|网络设备维护|mes实施|年终奖金|五险一金|补充医疗保险|免费班车|员工旅游|专业培训|定期体检
300283,动力运维主管,3年及以上|大专|培训|管理|电气|运维|作业指导书|统计分析|进度控制|优化方案|数据中心|值班|五险一金|定期体检|五险一金|定期体检
300284,办公室桌面运维,1-3年|大专|计算机|网络|服务器|维护|故障处理|通信工程|办公设备|故障排除|计算机软硬件|供应商对接|五险一金|员工旅游|年终奖金|定期体检
300285,光伏运维系统平台工程师,3年及以上|本科|光伏行业|新能源行业|平台管理|户用光伏|光伏运维系统|免费班车|补充医疗保险|交通补贴|餐饮补贴|通讯补贴|专业培训|年终奖金|绩效奖金|餐饮补贴|年终奖金|绩效奖金|弹性工作|五险一金|补充医疗保险|员工宿舍
300286,后台数据库运维主管,3年及以上|大专|mysql|oracle|数据库|redis|mongodb|nosql数据库|数据库运维|数据库管理|sql|server|五险一金
300287,IDC运维工程师（荆州）,3-4年|本科|网络维护
300288,SAP MM 运维工程师,2年及以上|大专|sap|运维|sap系统|sap_mm|MM|it运维|五险一金|通讯补贴|年终奖金|绩效奖金|定期体检|交通补贴|专业培训
300289,ERP运维专员,3年及以上|本科|erp|运维|五险一金|专业培训|绩效奖金|餐饮补贴|包住宿|全勤奖
300290,电力运维工程师,1年|本科|管理|ppt|文档编写|服务|电力|业务管理|演示文档|数据处理|年终奖金|五险一金|周末双休|节日福利|带薪年假|专业培训
300291,云平台运维初中级工程师,2-5年|本科|计算机|java|linux|javascript|git|编程|网络|大数据|编程语言|故障处理|五险一金|补充医疗保险|年终奖金|弹性工作|定期体检|专业培训|通讯补贴|餐饮补贴|项目奖金|企业年金
300292,软件运维工程师（用友BIP）,无需经验|本科|java|mysql|方案设计|oracle数据库|设计模式|oa|计算机软件|系统开发|需求沟通|sql优化|五险一金|员工旅游|专业培训|年终奖金|定期体检|免费食宿|带薪年假|周末双休
300293,系统运维专员,2年|本科|培训|办公软件|oracle|数据分析|erp|sqlserver|宣传|金蝶|网络|运维|五险一金|定期体检|年终奖金|专业培训|餐饮补贴|通讯补贴
300294,IT运维,2年及以上|本科|计算机|数据库|网络|编程语言|防火墙|交换机|现场实施|vue2|软硬件|保密|五险一金|员工旅游|专业培训|绩效奖金|年终奖金|定期体检
300295,运维开发工程师（驻场）,3-4年|本科|运维体系|五险一金|交通补贴|餐饮补贴|通讯补贴|年终奖金|绩效奖金|专业培训|定期体检
300296,售后工程师/外场运维,1年|大专|售后服务|客户关系|售后技术支持|通信工程|技术培训|五险一金|补充医疗保险|绩效奖金|年终奖金|周末双休|定期体检
300297,系统运维支持专员,2年|本科|培训|办公软件|oracle|数据分析|erp|sqlserver|宣传|金蝶|网络|运维|五险一金|餐饮补贴|专业培训|定期体检|通讯补贴|年终奖金
300298,环保运维工程师,无需经验|本科|自动化|分析化学|电子信息|大气|机电一体化|环境工程|五险一金|高温补贴|交通补贴|餐饮补贴|通讯补贴|年终奖金|住房补贴
300299,智能化运维工程师,2年及以上|大专|自动化|维修|网络|文档编写|计算机网络|服务器|人员培训|技能培训|故障处理|电子信息工程|五险一金|定期体检|五险一金|定期体检
300300,MES运维工程师,无需经验|大专|数据库|python|linux|年终奖金|生日福利|年度调薪|带薪年假|五险|双休
300301,风电运维工程师,无需经验|中技/中专
300302,IDC运维项目经理,5-7年|大专|数据中心|暖通系统|柴油发电机|巡检|通信电源系统|综合代维|故障处理|数据统计分析|团队管理|监控系统|五险一金|餐饮补贴|带薪年假|周末双休|节日福利|高温补贴|员工旅游|专业培训|年终奖金|定期体检
300303,IT运维工程师,3年及以上|本科|调试|维修|运维|安装调试|安装|文档编写|计算机网络|it|服务器|维护|五险一金|餐饮补贴|专业培训|绩效奖金|年终奖金|定期体检|股票期权|通讯补贴|员工宿舍|团建活动|节日生日福利
300304,系统运维工程师助理,无需经验|大专|理工科|安全|设备配置管理|监控网络设备|年终奖金|六险一金|节假日福利|年度旅游|员工宿舍|带薪年休假|一年2次调薪|定期培训
300305,播出运维技术,3-4年|本科|广播电视工程|运维|五险一金|交通补贴|年终奖金|定期体检|绩效奖金
300306,网站运维工程师,5年及以上|本科|运维|安全防护|资源配置|版本更新|五险一金|绩效奖金
300307,光伏运维工程师（周末双休）,1年|中技/中专|光伏电站|巡检|五险一金|年终奖金|定期体检|双休
300308,网络运维岗,3年及以上|本科|计算机|linux|通信|windows|运维|网络安全|故障处理|开发语言|监控|技术支撑|绩效奖金|节日福利|专业培训|补充医疗保险|补充公积金|餐饮补贴|年终奖金|AA上市公司|编制内|过节不调休
300309,实施工程师/数字化交付运维,2年及以上|本科|项目管理|文档编写|运维管理|地理信息|油气储运|部门协作|五险一金|餐饮补贴|定期体检|年终奖金|专业培训|试用期不打折|公司提供食堂|周末双休|薪酬机制健全|节日福利
300310,风电运维工程师,1年|大专|五险一金|提供住宿|餐费补贴|节假福利
300311,IT运维专员,3年及以上|本科|计算机|数据库|网络|操作系统|计算机软件|生产设备|办公设备|it技术支持|问题诊断|技术突破|五险一金|餐饮补贴|定期体检
300312,运维工程师（电气）,3-4年|大专|电气工程师|维护保养|电气设备|技术支持|五险一金|餐饮补贴|通讯补贴|定期体检
300313,智能运维软件后端开发高级工程,5年及以上|本科|计算机|java|c++|软件开发|编程|智能运维|后端软件开发|五险一金|年终奖金|定期体检|绩效奖金|专业培训|补充医疗保险|免费班车
300314,运维主管（充电场站运维）,2年及以上|大专|技能培训|场站运维管理|新能源汽车|五险一金|年终奖金|定期体检|节日福利|带薪年假
300315,销售运维经理,2年及以上|大专|五险一金|通讯补贴|绩效奖金|专业培训
300316,光伏电站运维（江苏）,3-4年|大专|光伏|运维|值班|五险一金|绩效奖金|节日福利|专业培训
300317,智能运维软件前端开发中高级工,2-10年|本科|计算机|java|c++|软件开发|编程|智能运维|五险一金|年终奖金|定期体检|绩效奖金|专业培训|补充医疗保险|免费班车
300318,运维工程师（电气）,5-7年|大专|五险一金|餐饮补贴|通讯补贴|定期体检
300319,车辆运维,3-4年|大专|五险一金|弹性工作|工作环境好|谈判|团队管理|电脑|客户服务|手机应用软件
300320,系统运维支持（日语驻场）,3-4年|大专|日语听说读写|系统开发|零售行业|五险一金|带薪年假|节日福利|年终奖金|弹性工作|通讯补贴|绩效奖金
300321,运维工程师（空调和水系统）,3年及以上|大专|空调系统|水系统|注射用水|纯化水|制药企业|五险一金|年终奖金|定期体检|带薪休假
300322,运维主操作员（重庆永川）,1年|中技/中专|安全生产|生产设备|生产记录|防火防盗|安全防护用品|清洁维护保养|餐饮补贴|交通补贴|五险一金
300323,财务系统运维工程师,3-4年|本科|周末双休|带薪年假|五险一金|绩效奖金|节日福利|专业培训|餐饮补贴|通讯补贴|高温补贴
300324,金蝶运维IT,3年及以上|本科|金蝶|erp|数据分析|二次开发|数据库原理|系统优化|crm|运维|财务流程|五险一金|补充医疗保险|员工旅游|专业培训|绩效奖金|年终奖金|周末双休|节日福利|股权激励
300325,MES运维工程师,5-7年|本科|mes|五险一金|年终奖金|带薪年假|包吃包住
300326,IT 运维主管/经理,3-4年|大专|it|it主管|it经理|IT运维|运维主管|运维经理|弹性工作|带薪年假|五险一金|绩效奖金|节日福利|专业培训|补充医疗
300327,风电运维兼销售工程师,2年|大专|年终奖金|五险一金|餐饮补贴|定期体检|免费班车|专业培训|绩效奖金|周末双休|带薪年假|风电|运维|轴承|登高证|减速机|销售|清洗
300328,运维总监,8年及以上|本科|数据中心管理|风火水电|五险一金|餐饮补贴|通讯补贴|定期体检|销售奖金
300329,总部-SRM/SAP MM实施运维顾问,2年及以上|数据库|采购|sap|信息系统|srm|制造业采购|带薪年假|包住宿|五险一金|节日福利|年终奖金
300330,海上风电智能运维、状态监测与故障诊断-011KY23-11,5-7年|硕士
300331,运维专员,1年|高中|汽车保险|上牌|保险理赔|证照管理|驾驶车辆|车辆档案|质量索赔|车辆接收|违章处理|处理协调|五险一金|员工旅游|交通补贴|餐饮补贴|弹性工作|年终奖金|专业培训|通讯补贴|上六休一
300332,软件实施工程师,3年及以上|大专|计算机|linux|项目管理|网络安全|云计算|pmp|人工智能|软件项目实施|归档管理|项目实施计划|五险一金|提成奖金|交通补贴|通讯补贴|周末双休|专业培训|员工旅游|定期体检
300333,软件实施工程师,2年及以上|本科|mysql|linux|redis|sql|windows|维护管理|安装部署|监控运维|docker容器|五险一金|员工旅游|专业培训|绩效奖金|弹性工作
300334,实施工程师,3年及以上|大专|数据库|linux|需求调研|网络|解决方案|项目验收|中间件|操作系统|用户培训|实施上线|节日福利|周末双休|绩效奖金|项目绩效|五险一金|年终奖金
300335,软件实施工程师,3年及以上|本科|数据库|客户沟通|linux|sql|操作系统|计算机软件|现场实施|实施运维|软硬件系统|周末双休|专业培训|五险一金|定期体检|商业保险|五险一金|餐饮补贴|专业培训|绩效奖金|年终奖金|定期体检|周末双休|生日津贴
300336,实施运维工程师,3年及以上|本科|mysql|数据库|测试|需求分析|sql|需求调研|方案设计|解决方案|物流行业|文档编写|五险一金|餐饮补贴|双休|下午茶福利|加班零食|带薪年假
300337,系统实施工程师,3年及以上|大专|wms|mes|crm|项目管理|五险一金|免费班车|定期体检|周末双休|餐饮补贴|提供住宿
300338,工程软件项目顾问（EAP、ERP实施顾问）,2年及以上|本科|装饰行业|企业管理|装饰|软件项目实施|团队对接|绩效奖金|高温补贴|节日福利|年终奖金|员工旅游|定期体检|餐饮补贴|弹性工作|包住宿
300339,软件实施工程师,5年及以上|本科|数据治理|pms|台账维护
300340,项目经理/高级实施顾问,5年及以上|本科|财务|erp|验收|项目实施|客户关系|供应链|项目规划|引导客户|蓝图设计|上线切换|五险一金|员工旅游|交通补贴|专业培训|餐饮补贴
300341,项目实施工程师-双休(A200308),5年及以上|本科|印染|染厂|化工料|生产流程|机械|英语4级|客户对接|项目推进|输送料|下午茶|五险一金|团队氛围好|带薪休假|扁平管理|弹性工作|员工旅游|餐饮补贴|专业培训|定期体检
300342,AGV实施工程师,无需经验|初中及以下
300343,高级实施工程师,5-7年|本科|计算机|mysql|管理|oracle|数据库|sqlserver|团队管理|售后服务|项目实施|shell|周末双休|节日福利|五险一金|专业培训|弹性工作|绩效奖金
300344,项目经理/高级实施顾问,5年及以上|本科|财务|erp|验收|项目实施|客户关系|供应链|项目规划|引导客户|蓝图设计|上线切换|五险一金|员工旅游|交通补贴|专业培训|餐饮补贴
300345,实施工程师,2年|本科|计算机|oracle|sqlserver|系统调优|安装|调试|数据库|mysql|五险一金|交通补贴|餐饮补贴|通讯补贴|绩效奖金|年终奖金|带薪年假|团队气氛活跃|生日节日福利|周末双休
300346,实施工程师-南宁,3-4年|本科|计算机|oracle数据库|系统测试|linux|sql|hadoop|hive|spark|hbase|电力行业|五险一金|绩效奖金
300347,实施工程师（Base福州）,3-4年|本科|计算机|食品饮料行业|wms|mes|linux|windows|数据库|五险一金|生日福利|定期体检|绩效奖金|餐饮补贴|年终奖金|专业培训|带薪年假|节日礼物
300348,软件实施工程师,3年及以上|本科|教育行业|客户培训|二次销售|应用培训|产品实施|客户续费|问题分析|客户关系经营|需求采集|产品迭代|绩效奖金|专业培训|弹性工作|五险一金|定期体检|通讯补贴
300349,软件实施工程师,2年及以上|本科|mysql|oracle|数据库|linux|office|项目实施|windows|weblogic|中间件|操作系统|五险一金|定期体检|员工旅游|专业培训|年终奖金
300350,软件实施工程师,2年|本科|软件实施|接口对接|oracle|sqlserver|.net|c||机械工程|自动化工程|通信工程|his|五险一金|交通补贴|餐饮补贴|补充医疗保险|定期体检|员工旅游|带薪年假
300351,实施工程师,3-4年|本科|项目实施|质量进度控制|信息系统|linux|windows|sql|数据库|mes|wms|erp|五险一金|生日福利|定期体检|绩效奖金|餐饮补贴|年终奖金|专业培训|带薪年假|节日礼物
300352,软件实施工程师,3-4年|大专|股票期权|年终奖金|绩效奖金|餐饮补贴|五险一金|员工旅游
300353,软件实施工程师（西宁）,2年|本科|五险一金|员工旅游|餐饮补贴|通讯补贴|绩效奖金|定期体检|专业培训|免费班车|年终奖金
300354,软件实施工程师,2年|本科|计算机|oracle数据库|软件|现场实施|五险一金|专业培训|定期体检
300355,ERP实施工程师,2年|大专|实施|ERP|交通补贴|餐饮补贴|通讯补贴|专业培训|绩效奖金
300356,实施工程师,2年|大专|工程师|技术支持|五险一金|定期体检|员工旅游|交通补贴|餐饮补贴|免费班车|年终奖金|股票期权
300357,软件实施工程师（青岛）,2年|大专
300358,软件实施工程师,2-3年|大专|培训|计算机|oracle|财务|sql|验收|售后服务|安装调试|客户服务|软件项目实施|绩效奖金|年终奖金|股票期权|员工旅游|五险一金|餐饮补贴
300359,实施工程师,3年及以上|大专|项目管理|erp|项目实施|方案设计|系统测试|MES|信息系统|信息化|工业互联网|五险一金|餐饮补贴|绩效奖金|弹性工作|专业培训|项目奖
300360,系统实施工程师,3-4年|大专|erp实施|pmp证书|项目实施|团队管理|五险一金|餐饮补贴|交通补贴|绩效奖金|定期体检|通讯补贴
300361,实施运维工程师,3年及以上|大专|运维|saas|绩效奖金|社保
300362,软件实施工程师,2年|大专|股票期权|年终奖金|绩效奖金|餐饮补贴|五险一金|员工旅游
300363,软件实施工程师,2年及以上|本科|运维|服务器|五险一金|餐饮补贴|年终奖金|员工旅游|定期体检
300364,实施工程师,2年|大专|sql|故障排除|数据梳理|计算机软硬件|五险一金|专业培训|弹性工作
300365,实施工程师,2年|大专|需求整理|需求调研|交付验收|分析用户数据|标准化产品|解决客户问题|售后巡检|五险一金|年终奖金
300366,软件实施工程师,2年|大专|股票期权|年终奖金|绩效奖金|餐饮补贴|五险一金|员工旅游
300367,软件实施顾问（技术方向）,3-4年|本科|技术支持|实施|测试|软件测试|功能测试|性能测试|接口测试|银行系统|支付清算|资金系统|周末双休|带薪年假|五险一金|节日福利|通讯补贴|补充医疗保险|弹性工作|定期体检|年终奖金|专业培训
300368,实施工程师,1年|计算机|售后服务|技术交流|技术支持|交通补贴|免费班车|定期体检|专业培训|五险一金|补充医疗保险|补充公积金|餐饮补贴|员工旅游|弹性工作
300369,实施顾问,2年|大专|实施工程师|mes|实施方案编写|客户现场支持|项目管理意识|现场调研|项目实施|erp|周末双休|带薪年假|五险一金|绩效奖金|节日福利|专业培训|交通补贴|通讯补贴|商业意外险|弹性工作
300370,实施工程师  广州,2年|大专|计算机|oracle|linux|sql|接口测试|系统测试|电力行业|应用软件测试|五险一金|绩效奖金
300371,软件实施工程师,2年及以上|大专|技术支持|售前销售|工程师|五险一金|员工旅游|专业培训|定期体检|节日福利
300372,实施工程师（电气类专业）,1年|本科|五险一金|交通补贴|通讯补贴|餐饮补贴|双休
300373,实施工程师（实习生）,无需经验|本科|办公软件|数据分析|excel|sql|需求调研|需求文档|开车|客户培训|现场实施|数据初始化|专业培训|双休
300374,实施工程师（实习岗）,无需经验|大专|五险一金|餐饮补贴|通讯补贴|周末双休|电脑补贴|差旅补贴
300375,SAP FICO实施顾问,3-4年|本科|FICO实施顾问|SAP
300376,薪酬系统实施顾问 (MJ001485),8-9年|本科
300377,高级产品应用顾问（实施）-飞书People,8-9年|本科|下午茶|股票期权|带薪休假|扁平管理|健身瑜伽|六险一金|团队氛围好|晋升空间大|用户过亿|大牛带队
300378,实施助理工程师,无需经验|本科|文员|绩效奖金|包住宿|带薪年假|专业培训|节日福利|员工旅游|交通补贴|购买五险|配送手机|配套话费
300379,SAP 日语实施顾问,5-7年|本科|计算机|sap|项目实施|企业管理|管理信息系统|制造|解决方案设计|业务流程|五险一金|年终奖金|员工旅游|交通补贴|补充医疗保险|免费班车|定期体检
300380,SAP MM实施顾问,5年及以上|大专|销售|英语|日语|听说读写|abap|制造企业|五险一金|年终奖金
300381,风电场实施人员（负责视频监控、自动消防的实施）,3-4年|中技/中专|视频监控|自动消防|风电运维|五险一金|免费班车|员工旅游|年终奖金|绩效奖金|通讯补贴|餐饮补贴
300382,项目实施（咨询经理）,无需经验|本科|cad|设计方案|系统集成|制图软件|草图大师|音视频行业|五险一金|餐饮补贴
300383,电力工程师（售前方案和实施管理）,2年及以上|本科|办公软件|cad|方案设计|机电|设计方案|绘图软件|电气设计|结构|电力工程|方案论证|专业培训|年终奖金|绩效奖金|餐补|节日福利|餐饮补贴|提供住宿|保险
300384,SAP MM实施顾问,5年及以上|大专|销售|英语|日语|听说读写|abap|制造企业|五险一金|年终奖金
300385,外包施工队（负责视频监控、自动消防的实施）,3-4年|中技/中专|视频监控|自动消防|风电运维|五险一金|免费班车|员工旅游|年终奖金|绩效奖金|通讯补贴|餐饮补贴
300386,ERP实施顾问 (粤语+英语),1年|本科|实施顾问|英语|粤语|五险一金|专业培训|带薪年假|全勤奖|年终奖金
300387,工程实施管理（国企、福利补贴）,3-4年|本科|施工管理|建筑智能化|验收回款|图纸编制|五险一金|定期体检|通讯补贴|绩效奖金|周末双休|专业培训|节日福利|商业意外保险
300388,PLC项目实施技术员,2年|大专|弱电网络|连接调试|led灯具|布线|五险一金|绩效奖金|餐饮补贴
300389,实施工程师（视觉检测）,1年及以上|大专|调试|电气|机械设备|工科|五险一金|做五休二|带薪年假
300390,实施工程师,3-5年|本科|计算机|oracle|数据库|linux|sql|sqlserver|文档编写|五险一金|交通补贴|专业培训|出国机会|年终奖金|定期体检|员工旅游
300391,教务主管/实施干部（项目奖金）,1年|大专|教务管理|教务|班主任|培训|教育|绩效奖金|年终奖金|餐饮补贴|定期体检|五险一金|专业培训|互联网+教育|职业技能补贴|进修深造|和谐工作氛围
300392,C语言开发工程师,1-5年|本科|linux|C/C++|QT|sip|arm|驱动|嵌入式|交换机|五险一金|补充医疗保险|补充公积金|节假日福利|过节礼品
300393,C语言开发工程师,2年及以上|本科|linux|tcp|arm|udp|http|软硬件|网络通讯协议|C|嵌入式|五险一金|餐饮补贴|年终奖金|定期体检|带薪年假|周末双休|节日福利
300394,嵌入式软件工程师（C语言）,2年|本科|软件开发|C语言|Linux|路由器|CPE|编程|五险一金|补充医疗保险|员工旅游|餐饮补贴|通讯补贴|年终奖金|绩效奖金|定期体检|出国机会|周末双休
300395,C语言/单片机/软件开发工程师,2年及以上|大专|嵌入式|软件|C++|电子工程师|五险一金|员工旅游|交通补贴|餐饮补贴|专业培训|绩效奖金|周末双休|节日福利|带薪年假
300396,C语言开发工程师,无需经验|本科
300397,C语言开发工程师,无需经验|大专|计算机|测试|开发|c++|软件开发|编程|技术支持|五险一金|补充医疗保险|免费班车|通讯补贴|专业培训|绩效奖金|定期体检
300398,C语言开发工程师,1年|本科|linux|芯片|驱动|keil|带薪休假|定期体检|绩效奖金|员工福利|14薪|全额五险一金|交通便利
300399,C语言开发工程师,1年|本科|嵌入式|软件工程师|c语言|DSP|ARM|FPGA|五险一金|年终奖金|绩效奖金|专业培训|员工旅游|交通补贴|通讯补贴|弹性工作
300400,C语言开发工程师( 嵌入式),1年及以上|大专|C语言|嵌入式|51单片机|ARM|开发工程师|单片机工程师|单片机开发|MCU软件开发|MCU开发|软件工程师|年终奖金|员工旅游|餐饮补贴|通讯补贴|五险一金
300401,C语言开发工程师,无需经验|大专|mybatis|dubbo|java|数据库|spring|linux|微服务|redis|web|软件测试|五险一金|补充医疗保险|补充公积金|通讯补贴|餐饮补贴|专业培训|绩效奖金|年终奖金|弹性工作|定期体检
300402,C语言开发工程师,1年|本科|linux|芯片|驱动|keil|带薪休假|定期体检|绩效奖金|员工福利|14薪|全额五险一金|交通便利
300403,软件工程师（Linux系统 C语言）,3-4年|本科|Linux系统|C语言|五险一金|补充医疗保险|员工旅游|餐饮补贴|通讯补贴|年终奖金|绩效奖金|定期体检|出国机会|周末双休
300404,C语言/嵌入式软件工程师,1年|大专|单片机|STM32|FreeRTOS|TrueStudio|五险一金|补充公积金|年终奖金|定期体检
300405,嵌入式C语言软件开发工程师（PON方向）,2年|本科|嵌入式|软件工程师|软件|嵌入式软件|c语言|软件开发|单片机|通信|五险一金|补充医疗保险|员工旅游|绩效奖金|年终奖金
300406,软件开发工程师（C语言）,3-5年|本科|计算机|软件开发|五险一金|年终奖金|交通补贴|餐饮补贴|弹性工作|定期体检|通讯补贴|专业培训
300407,C语言软件工程师,2年及以上|大专|单片机|51|C|软件|工程师|五险一金|员工旅游|餐饮补贴|年终奖金|绩效奖金|出国机会|弹性工作
300408,嵌入式软件开发工程师（C语言）,3-4年|本科|系统架构设计|系统框架|Linux内核|bootloader|五险一金|全勤奖|节日福利|餐饮补贴|年底双薪
300409,高级C语言开发工程师,2年|本科|makefile|linux内核|gdb|posix|tcp|ip协议|socket|网络交换技术|五险一金|年终奖金|定期体检|员工旅游|节日福利|带薪年假|双休
300410,C语言开发工程师,2年|本科|数据库|linux|sql|开发|数据迁移|分布式数据库|系统性能优化|故障定位|数据库架构|问题解决|五险一金|补充医疗保险
300411,C语言开发工程师(J10019),2年及以上|本科|周末双休|加班费|全额公积金|补充医疗保险|高温补贴|管理规范|年终奖金|出国机会|员工旅游|定期体检
300412,急招公司C照司机,无需经验|加班补贴|全勤奖|弹性工作|绩效奖金|维修
300413,C/C++开发工程师,2年及以上|本科|c++|音频|环境开发|交叉编译|五险一金
300414,C/C++开发工程师,1年及以上|本科|三维数据格式|CMake|五险一金|绩效奖金|年终奖金|带薪年假|周末双休|大牛带队
300415,C+/单片机开发/软件工程师,2年及以上|大专|单片机|电子工程师|嵌入式|五险一金|员工旅游|交通补贴|餐饮补贴|专业培训|绩效奖金|周末双休|节日福利|带薪年假
300416,C照送货司机,无需经验|年终奖金|绩效奖金|节日福利|弹性工作|社保|定期体检
300417,C N C师傅,2年及以上|高中|餐饮补贴|房补|五险一金
300418,C开发（急招 提供住宿）,3年及以上|大专|audio|英语|日语|can|bus|dsp|autosar|五险一金|补充医疗保险|定期体检|餐饮补贴|绩效奖金|弹性工作|提供食宿
300419,C/C++资深研发工程师,2年|本科|五险一金
300420,数控软件开发工程师-C/C++,3-4年|本科|c++|qt开发|linux|计算机|功能模块开发|数控系统|五险一金|免费班车|交通补贴|餐饮补贴|专业培训|绩效奖金|年终奖金|弹性工作|定期体检
300421,软件工程师-C,2年及以上|本科|五险一金|员工旅游|餐饮补贴|绩效奖金|年终奖金|定期体检
300422,免押金无套路C照司机,无需经验|弹性工作|专业培训|就近安排|送水果司机|专线司机|专职司机|司机|货车司机|货运司机
300423,C/C++开发工程师,3年及以上|本科|五险一金|餐饮补贴|周末双休|节日福利|全勤奖|带薪年假|交通补贴|年终奖金|员工宿舍|项目+绩效奖
300424,C/C++开发工程师,2年及以上|本科|五险一金
300425,车载嵌入式C-双休加班少,3年及以上|大专|dsp|autosar|audio|can|bus|周末双休|法定休|五险一金|补充医疗保险
300426,嵌入式软件开发(C/C++)(J10023),2年及以上|本科|周末双休|加班费|全额公积金|补充医疗保险|高温补贴|管理规范|年终奖金|出国机会|员工旅游|定期体检
300427,C照货车司机,无需经验|初中及以下|高温补贴|节日福利|弹性工作
300428,c/c++开发工程师0935,2年|本科|c++|多线程|linux|gcc|gdb|通信开发|五险一金|员工旅游|股票期权|弹性工作|年终奖金|定期体检
300429,C端业务信审,3年及以上|大专|审核|放款审核|客户资信|五险一金|补充公积金|餐饮补贴|免费班车|定期体检|绩效奖金|年终奖金
300430,C/C++ 高级开发工程师,5-7年|本科|SIP||C/C++|软件开发|设计模式|开发|面向对象|tcp/ip|GUI|Linux|五险一金|补充医疗保险|定期体检|员工旅游
300431,C入职五险一金 甲方内催  年底双薪,无需经验|高中|销售|数据分析|谈判|质检|投诉处理|征信|部门培训|甲方直签|催收专员|入职五险一金|五险一金|专业培训|绩效奖金|年终奖金|带薪培训|带薪年假|透明晋升|年底双薪|餐补|直签|公司提供资源|专业带教
300432,PHP开发工程师,2年及以上|本科|css|html|前端|编程|js|mysql数据库|php|layui|软件设计|thinkphp|餐饮补贴|专业培训|五险
300433,PHP程序员,1-3年|本科|mysql|jquery|javascript|需求分析|ajax|编程|编码|php|高并发|功能模块开发|五险一金|补充医疗保险|补充公积金|免费班车|餐饮补贴|交通补贴|绩效奖金|年终奖金|定期体检
300434,PHP程序员,1年及以上|大专|php|html5|css3|jq|ajax|vuejs|js|mysql数据库|代码冗余率|五险一金|员工旅游|绩效奖金
300435,Magento/PHP开发工程师 双休,2年|大专|php开发|Magento|MySQL|五险一金|员工旅游|年终奖金|专业培训|定期体检
300436,PHP开发工程师,3年及以上|本科|php|绩效奖金|员工旅游
300437,PHP后端开发工程师,无需经验|本科|shopify|PHP
300438,PHP开发工程师,1年|大专|php|数据库|css|redis|laravel|html|javascript|linux|Java|web|五险一金|补充医疗保险|补充公积金|通讯补贴|年终奖金|餐饮补贴|绩效奖金|定期体检|弹性工作|专业培训
300439,PHP开发工程师,1年|数据库|jquery|css|javascript|推广|html5|mysql数据库|windows|php|div|交通补贴|免费班车|定期体检|专业培训|五险一金|补充医疗保险|补充公积金|餐饮补贴|员工旅游|弹性工作
300440,PHP开发工程师,2年及以上|大专|php开发|OA|CRM
300441,PHP开发工程师,1年|大专|thinkphp3.2|thinkphp5|微擎|Redis|公众号|小程序|微信支付|商城|五险一金|年终奖金|绩效奖金|带薪年假|下午茶|节日礼品
300442,PHP开发工程师,1年|大专|php|数据库|css|redis|laravel|html|javascript|linux|Java|web|五险一金|补充医疗保险|补充公积金|通讯补贴|年终奖金|餐饮补贴|绩效奖金|定期体检|弹性工作|专业培训
300443,PHP开发工程师,1年|数据库|jquery|css|javascript|推广|html5|mysql数据库|windows|php|div|交通补贴|免费班车|定期体检|专业培训|五险一金|补充医疗保险|补充公积金|餐饮补贴|员工旅游|弹性工作
300444,PHP开发工程师,1年|本科|PHP|数据库|服务端|物联网|企业服务|五险一金|员工旅游|年终奖金|包吃|专业培训|绩效奖金|定期体检|免费宿舍
300445,PHP开发工程师,2年|本科|php|绩效奖金|专业培训
300446,PHP开发工程师,1年|大专|php|数据库|css|redis|laravel|html|javascript|linux|Java|web|五险一金|补充医疗保险|补充公积金|通讯补贴|年终奖金|餐饮补贴|绩效奖金|定期体检|弹性工作|专业培训
300447,PHP开发工程师,1年|数据库|jquery|css|javascript|推广|html5|mysql数据库|windows|php|div|交通补贴|免费班车|定期体检|专业培训|五险一金|补充医疗保险|补充公积金|餐饮补贴|员工旅游|弹性工作
300448,Php开发工程师,3年及以上|大专|mysql|jquery|测试|javascript|mvc|前端开发|php|需求分析|代码编写|thinkphp|节日福利|餐饮补贴|五险一金
300449,PHP开发工程师,2年及以上|本科|计算机|mysql|linux|测试|开发|软件开发|数据库设计|技术文档|thinkphp|tcp/ip协议|五险一金|员工旅游|年终奖金|绩效奖金|生日福利|带薪年假|节日福利|年终双薪
300450,PHP开发工程师,1年|大专|php|数据库|css|redis|laravel|html|javascript|linux|Java|web|五险一金|补充医疗保险|补充公积金|通讯补贴|年终奖金|餐饮补贴|绩效奖金|定期体检|弹性工作|专业培训
300451,PHP开发工程师,1年|数据库|jquery|css|javascript|推广|html5|mysql数据库|windows|php|div|交通补贴|免费班车|定期体检|专业培训|五险一金|补充医疗保险|补充公积金|餐饮补贴|员工旅游|弹性工作
300452,Go开发工程师,2年|大专|go|golang|go-zero|mq|rpc
300453,Go开发工程师,3-4年|大专|golang|区块链|补充医疗保险|五险一金
300454,高级GO软件开发工程师,5年及以上|本科|计算机|linux|前端开发|软件工程|设计模式|软件设计|通信工程|选型|go开发|五险一金|餐饮补贴|通讯补贴|绩效奖金|弹性工作
300455,资深GO服务端开发（布鲁可游戏）,3年及以上|本科|计算机|mysql|linux|redis|c++|功能开发|安全|数据结构算法|功能模块|go|五险一金|绩效奖金|通讯补贴|交通补贴|周末双休
300456,后端开发工程师(GO语言),3年及以上|大专|java|mysql|数据库|sql|erp|开发|调试|mvc|c||编码|五险一金|专业培训|年终奖金|工作日包餐|双休
300457,Go开发工程师,3-4年|本科|五险一金|交通补贴|餐饮补贴|通讯补贴|定期体检
300458,Go语言开发工程师,1年及以上|本科|计算机|数据库|linux|自动化|软件工程|单元测试|postgresql|数据结构算法|接口开发|多线程编程|五险一金|带薪年假|节日福利|年终奖金|弹性工作|通讯补贴|绩效奖金|五险一金|补充公积金|通讯补贴|专业培训|绩效奖金|年终奖金|免费早餐|下午茶
300459,软件开发工程师(WEB、C#、GO),无需经验|大专|计算机|编程|前端框架|编码习惯|软件开发|WEB|C||GO|代码|程序员|五险一金|补充医疗保险|员工旅游|交通补贴|通讯补贴|专业培训|定期体检|年终奖金|带薪年假|餐饮补贴
300460,GO开发工程师,3-4年|本科|mysql|redis|编程|单元测试|http|tcp|后端开发|websocket|网络协议|go|五险一金|餐饮补贴|年终奖金|定期体检|股票期权|专业培训
300461,高级软件工程师C++/Go,2年|大专|五险一金|补充医疗保险|交通补贴|餐饮补贴|定期体检|周末双休|专业培训|绩效奖金
300462,Java/Go实习生,无需经验|大专|ai|3d建模|chatgpt|五险一金|通讯补贴|餐饮补贴|交通补贴|年终奖金
300463,软件开发工程师(go）(J11675),5年及以上|本科|golang|五险一金|交通补贴|餐饮补贴|通讯补贴|节日福利
300464,GO运维开发工程师(J14323),3年及以上|本科|运维|五险一金|餐饮补贴|法定节假日|节日福利|团队氛围好|免费住宿
300465,后端研发工程师(python/go),1年|本科|python|golang|后台开发|服务端开发|地理信息系统|gis开发|gdal|五险一金|弹性工作
300466,软件工程师C++/Go,1年|本科|c++|自动化|golang
300467,需求分析师（C/Go语言开发）(J12499),3年及以上|本科|需求分析|物联|物联网行业|五险一金|绩效奖金|定期体检|餐饮补贴|年终奖金
300468,GO运维开发工程师(J14229),5年及以上|本科|GO|CMDB|Workflow|Prometheus|餐饮补贴|年终奖金|绩效奖金|员工宿舍|属地社保
300469,后端开发工程师（Go语言方向）,2年及以上|本科|go|后端研发|mysql|postgresql|五险一金
300470,中级Go开发工程师（iot管理平台）-23955,3年及以上|本科|计算机|mysql|redis|编程|编码|网络安全|补充医疗保险|定期体检|七险一金|带薪年假|带薪病假|免费健身
300471,GO开始工程师,3-4年|本科|补充医疗保险|定期体检|专业培训|免费班车
300472,数据库管理员DBA,2年|大专|数据库管理员|DBA|数据库开发|oracle|每年调薪机会|足额缴纳社保|五险一金|餐饮补贴|年终奖金|定期体检|周末双休|带薪年假|节日福利
300473,数据库工程师(DBA),10年及以上|大专|数据库|sql|sqlserver|数据库设计|数据迁移|实施部署|存储过程编写|性能优化|sql代码|关系数据库|五险一金
300474,数据库管理员（DBA）,2-6年|本科|计算机|oracle|数据库|linux|安全管理|windows|运维|故障排除|数据安全|系统安全|弹性工作|节日福利|餐饮补贴|下午茶|包住|各类补贴
300475,DBA数据库工程师,5年及以上|本科|计算机|oracle|数据库|linux|架构设计|操作系统|数据迁移|性能调优|sql优化|负载均衡|五险一金|餐饮补贴|通讯补贴|专业培训|定期体检
300476,oracle数据库工程师（DBA）,3-4年|大专|mysql|oracle|数据库|sqlserver|运维|shell|文档编写|故障处理|postgresql|ogg|通讯补贴|年终奖金|节日福利|全额五险一金|正式工非派遣|周末固定双休|带薪事假
300477,数据库工程师(DBA),3-5年|本科|mysql数据库|运维|oracle|linux|数据库优化|五险一金|弹性工作
300478,DBA,3-8年|本科|数据库|linux|项目管理|erp|oracle数据库|运维|shell|文档编写|英语读写|调优|五险一金|免费班车|餐饮补贴|专业培训|年终奖金|定期体检
300479,DBA数据库工程师,3年及以上|大专|数据库|linux|故障处理|数据库运维|TIDB|oracle|MySQL|PG|达梦|DBA|五险一金|周末双休|节日福利|带薪年假|年终奖金|绩效奖金|团建活动
300480,数据库工程师（DBA）,3-4年|本科|下午茶|股票期权|扁平管理|带薪休假|六险一金|团队氛围好|晋升空间大|用户过亿|大牛带队|免费三餐
300481,DBA工程师,5-7年|本科|计算机|mysql|oracle|数据库|linux|shell|数学|postgresql|perl|信息技术|五险一金|年终奖金|定期体检|周末双休|绩效奖金|节假日礼金
300482,DBA数据库工程师,3-4年|大专|数据库|数据库设计|数据库故障|数据表|周末双休|五险一金|绩效奖金|年终奖金|专业培训
300483,高级DBA,3年及以上|大专|dba|数据库|五险一金|餐饮补贴|通讯补贴|交通补贴|绩效奖金|年终奖金
300484,高级DBA工程师,5-7年|大专|oracle|数据库|故障处理|调优|运行维护|运维管理|OCP|OCM|五险一金|周末双休|节日福利|带薪年假|年终奖金
300485,DBA数据库工程师,3-4年|本科|oracle|数据库|linux|sqlserver|服务器|安装部署|性能分析|数据库安装|优化数据库|五险一金|餐饮补贴|年终奖金|员工旅游|周末双休|定期体检|补充医疗保险|全勤奖|生日礼金
300486,DBA工程师,3年及以上|本科|计算机|mysql|oracle|数据库|linux|shell|postgresql|perl|teradata|dba|五险一金|年终奖金|定期体检|周末双休|节假日礼金
300487,DBA工程师(J10278),3年及以上|本科|oracle数据库|运维|五险一金|免费班车|年终奖金|定期体检
300488,人大金仓-中高级DBA (MJ000053),3-4年|本科|五险一金|补充医疗保险|交通补贴|餐饮补贴|通讯补贴|绩效奖金|专业培训|定期体检
300489,数据库管理员 (DBA),2年及以上|本科|mysql|oracle|数据库|sql|计算机科学|信息技术|数据库系统|性能分析|性能监控|数据备份恢复|五险一金|补充医疗保险|餐饮补贴|通讯补贴|弹性工作|带薪年假
300490,DBA数据库工程师,5-7年|本科|计算机|mysql|oracle|数据库|linux|shell|数学|postgresql|perl|信息技术|五险一金|年终奖金|定期体检|周末双休|绩效奖金|节假日礼金
300491,DBA,3-4年|本科|计算机|oracle|数据库|sql|数据库迁移|goldengate|OGG|问题诊断|sql优化|性能调优|餐饮补贴|弹性工作|专业培训|员工旅游|五险一金|绩效奖金
300492,Rust开发实习生-飞书视频会议,无需经验|本科|弹性工作|扁平管理|大牛带队
300493,rust开发工程师,2年及以上|本科|jenkins|后端开发|node.js|aws|rust|周末双休|带薪年假|五险一金|节日福利|加班补贴|员工旅游|定期体检
300494,软件架构师-杭州,8年及以上|本科|计算机|数据库|电子|医疗器械|需求分析|c++|生物医学工程|架构设计|技术指导|建模|五险一金|专业培训|绩效奖金|包吃|节日福利|白班
300495,Senior SDWAN Software Engineer,8年及以上|本科|Linux|五险一金|弹性工作|补充医疗保险|定期体检|年终奖金
300496,Rust/C++研发实习生 — 有转正机会,无需经验|本科|下午茶|扁平管理|团队氛围好|免费三餐|租房补贴|大牛带队
300497,高级GO软件开发工程师,5年及以上|本科|计算机|linux|前端开发|软件工程|设计模式|软件设计|通信工程|选型|go开发|五险一金|餐饮补贴|通讯补贴|绩效奖金|弹性工作
300498,高级软件工程师,5年及以上|本科|五险一金|餐饮补贴|通讯补贴|年终奖金
300499,Software Architect,无需经验|五险一金|补充医疗保险|免费班车|餐饮补贴|通讯补贴|专业培训|出国机会|绩效奖金|年终奖金|定期体检|商业保险
300500,System Analyst（香港工作）,5年及以上|本科|java|微服务架构|oracle|系统概要设计|补充医疗保险|免费班车|通讯补贴|定期体检|年终奖金
300501,MPU Application Engineer,10年及以上|本科|MPU|Linux|周末双休|专业培训|弹性工作|节日福利|员工旅游|定期体检|带薪年假|绩效奖金|年终奖金|补充医疗保险|五险一金
300502,C++软件开发工程师,3-4年|本科|C++|linux|windows|GO语言|五险一金|专业培训|定期体检|员工旅游|绩效奖金|年终奖金
300503,高性能网络应用工程师,无需经验|本科|计算机|java|linux|javascript|c++|windows|http|tcp|ssh|socket|五险一金|补充医疗保险|餐饮补贴|交通补贴|通讯补贴|绩效奖金|年终奖金|定期体检
300504,System Analyst,5年及以上|本科|java|微服务架构|补充医疗保险|免费班车|通讯补贴|定期体检|年终奖金
300505,系统及高性能计算工程师,3-4年|硕士|算法基础|C++
300506,资深后端开发工程师,3-4年|本科|下午茶|股票期权|健身瑜伽|扁平管理|五险一金|带薪休假|六险一金|团队氛围好|晋升空间大|用户过亿
300507,分布式系统研发,3年及以上|本科|rust|c++|java|linux|go|英文听说读写|分布式系统|定期体检|员工旅游|餐饮补贴|社会保险
300508,后端高级软件工程师,5年及以上|本科|计算机|办公软件|svn|c++|office|git|软件开发|编程|数学|物理|五险一金|补充医疗保险|补充公积金|交通补贴|餐饮补贴|通讯补贴|专业培训|年终奖金|定期体检
300509,C++架构师/技术专家,5年及以上|本科|c++|架构设计|算法|五险一金|专业培训|定期体检|弹性工作|五险一金|带薪年假|弹性工作|节日福利
300510,后端/算法开发工程师,3-4年|本科|java|c++|软件工程|算法|后端开发|Python|五险一金|交通补贴|餐饮补贴|员工旅游|年终奖金|节日福利|高温补贴|周末双休|带薪年假
300511,分布式系统研发,3年及以上|本科|rust|c++|java|linux|go|英文听说读写|分布式系统|定期体检|员工旅游|餐饮补贴|社会保险
300512,嵌入式软件工程师-python C Lua,5-7年|本科|C|linked|list|周末双休|带薪年假|五险一金|节日福利|补充医疗保险|年终奖金|定期体检|专业培训
300513,lua开发工程师,2年|本科|c++|linux|lua|MongoDB|游戏开发|五险一金|员工旅游|定期体检|全勤奖|免费三餐
300514,cocos2d-x lua 工程师,2年|本科|五险一金|定期体检|员工旅游|年终奖金|免费工作餐
300515,游戏服务端开发工程师,1-3年|本科|c++|lua|游戏服务端|五险一金|员工旅游|餐饮补贴|绩效奖金|年终奖金|弹性工作|定期体检
300516,后端研发工程师-5G媒体方向（成都）,1年及以上|本科|erlang|swift|bash|lua|pascal|ada|go|lisp|五险一金
300517,UE 设计师(J10354),2年及以上|本科|计算机|测试|需求分析|c++|解决方案|数学|操作系统|技术文档|编码实现|代码规范
300518,Unity3D高级程序设计,3-4年|本科|c||unity3d|ar|vr|周末双休|带薪年假|五险一金|全勤奖|餐饮补贴|通讯补贴|专业培训|出差补贴|员工旅游|做五休二
300519,游戏引擎应用开发工程师,2年|本科|ue|游戏引擎|c++|Gis|蓝图|五险一金|绩效奖金|年终奖金|带薪年假|周末双休|大牛带队
300520,后端研发工程师-5G媒体方向（成都）,1年及以上|本科|java|c++|go|linux|lua|erlang|python|javascript|swift|sql|周末双休|意外保险|同事nice
300521,cocos2dx开发,2年|大专
300522,传奇三端技术人员,2年|传奇三端|99/6引擎|游戏开发|包吃包住
300523,UE4 C++ 开发工程师,1年|本科|c++|游戏引擎|图形学|cesium|ue4开发|数据渲染|gis|opengl|五险一金|绩效奖金|年终奖金|带薪年假|周末双休|大牛带队
300524,手机游戏开发工程师,3年及以上|大专|计算机|开发|前端|编程|bug|软件工程|android|数学|理工|功能设计|五险一金|交通补贴|餐饮补贴|通讯补贴|专业培训|绩效奖金|年终奖金|定期体检
300525,U3D开发工程师,3年及以上|本科|数据分析|c++|c||软件工程|项目开发|英文读写|开发计划|数字媒体技术|AR|XR|带薪年假|五险一金|高温补贴|年终奖|五险一金|年终奖金|员工旅游|专业培训|出国机会|定期体检|生日礼金|绩效奖金
300526,自动化测试工程师,2年及以上|本科|计算机|自动化测试|测试工程|测试工具|go|linux|lua|测试框架|测试效率|shell|绩效奖金|员工旅游|交通补贴|周末双休|缴纳五险|年底双薪|定期体检|通讯补贴|餐饮补贴
300527,Unity3d开发工程师,2年|本科
300528,UNITY 3D工程师,3-4年|大专|餐饮补贴|绩效奖金|年终奖金|定期体检|五险|加班补贴|周末双休
300529,Unity3d开发工程师,3年及以上|硕士|需求分析|开发|项目开发|架构设计|技术方案|ui|演示|unity3d|ar|vr|五险一金|餐饮补贴|年终奖金
300530,U3D 仿真工程师（航信）,3-4年|本科|五险一金|交通补贴|餐饮补贴|定期体检|年终奖金|补充医疗保险|绩效奖金
300531,Embedded C python developer,5-7年|本科|linkedlist|Lua|周末双休|带薪年假|五险一金|节日福利|补充医疗保险|年终奖金|定期体检|专业培训
300532,游戏主播,1年及以上|月休4天|推广|宣传|直播|英语口语|游戏|游戏直播|游戏主播|观众互动
300533,游戏设计助理/无经验可带,无需经验|中技/中专|设计|计算机|建模|办公软件|动画|美术|视觉|补充医疗保险|员工旅游|餐饮补贴|专业培训|年终奖金
300534,海外游戏广告投放,3年及以上|数据分析|广告投放|产品测试|数据支持|ads|投放策略|tiktok|游戏市场|facebook|员工旅游|绩效奖金|节日福利|带薪年假|弹性工作|五险一金|年终奖金|定期体检
300535,电竞游戏陪练师,无需经验|游戏|员工旅游|弹性工作
300536,电竞游戏陪练师,无需经验|上班自由|弹性工作|员工旅游
300537,游戏运营,无需经验|游戏陪练
300538,游戏陪练师,无需经验|游戏陪练师|专业培训|每月假期|包住
300539,海外游戏运营经理,3年及以上|测试方案|调优|市场策略|游戏运营|线上运营|市场调研分析|员工旅游|绩效奖金|节日福利|带薪年假|弹性工作|五险一金|年终奖金|定期体检
300540,游戏代练员,无需经验|高中|游戏代练|原神|崩坏星穹铁道|游戏代肝|游戏代练员
300541,游戏直播,无需经验|高中|游戏直播
300542,海外游戏推广,无需经验|大专|游戏|游戏行业|海外游戏|绩效奖金|交通补贴|餐饮补贴|免费班车|五险
300543,游戏直播信息流投放,1年及以上|大专|推广策略|投放策略|抖音直播|投放|处理数据|小游戏|信息流|推广数据|五险一金|员工旅游|年终奖金|周末双休|包吃
300544,游戏主播,无需经验
300545,游戏引擎应用开发工程师,2年|本科|ue|游戏引擎|c++|Gis|蓝图|五险一金|绩效奖金|年终奖金|带薪年假|周末双休|大牛带队
300546,游戏主播,无需经验|绩效奖金|年终奖金|直播
300547,商务引入（小游戏）,1-3年|大专|引入商务|拓展|游戏行业|五险一金|员工旅游|年终奖金|周末双休|包吃
300548,网络游戏,无需经验
300549,游戏运营,无需经验|高中
300550,游戏推广,无需经验|手游|页游|互联网|游戏|渠道推广
300551,小游戏媒介投放,1年及以上|大专|推广策略|投放策略|抖音直播|投放|处理数据|小游戏|信息流|推广数据|五险一金|员工旅游|年终奖金|周末双休|包吃
300552,新能源三电后市场运营总监,5年及以上|本科|售后维修|品牌建设|设计规范|运营管理|管理制度|中高层管理|五险一金|年终奖金|绩效奖金|餐饮补贴|弹性工作|定期体检|股票期权|员工旅游|专业培训|补充医疗保险|交通补贴
300553,西安新能源项目经理,3年及以上|大专|充电桩|储能|五险一金|交通补贴|通讯补贴|年终奖金|绩效奖金|定期体检|股票期权|节日福利|生日福利
300554,新能源销售代表,2年|大专|带薪年假|五险一金|全勤奖|节日福利|交通补贴|加班补贴|高温补贴|年会旅游
300555,新能源汽车备件主管（智己汽车）,1年及以上|大专|餐饮补贴|专业培训|绩效奖金|定期体检|节假日福利|库存|防盗|库存管理|备件管理|备件供应|备件库存管理
300556,新能源汽车维修产教融合事业部市场总监,5年及以上|本科|五险一金|年终奖金|绩效奖金|餐饮补贴|弹性工作|定期体检|股票期权|员工旅游|专业培训|补充医疗保险|交通补贴
300557,西安新能源项目经理,3年及以上|大专|充电桩|储能|五险一金|交通补贴|通讯补贴|年终奖金|绩效奖金|定期体检|股票期权|节日福利|生日福利
300558,项目经理（新能源方向）,3年及以上|大专|五险一金|餐饮补贴|绩效奖金|年终奖金
300559,新能源业务经理,5年及以上|本科|氢能|光伏|储能|年终奖金|弹性工作|定期体检|员工旅游|五险一金|定期团建|通讯补贴|专业培训
300560,新能源销售,1年及以上|本科|五险一金|绩效奖金|高温补贴|包住宿|带薪年假|通讯补贴|年终奖金|做五休二|市场开拓|充电桩
300561,新能源充电桩运营经理,3年及以上|大专|需求分析|市场营销|预算|运营管理|维护客户关系|五险一金
300562,新能源汽车岗,1年及以上|大专|销售|营销|汽车|汽车销售|驾照|试乘试驾|课程顾问|零售|开拓市场|开发潜在客户|五险一金|提成奖金|交通补贴|餐饮补贴|通讯补贴|商业保险|弹性工作|专业培训|员工旅游|定期体检|年终奖金|绩效奖金
300563,投资拓展岗位（新能源行业）,2年及以上|大专|选址|市场开拓|五险一金|法定带薪年休|年度职工体检|企业年金|补充医疗保险|节假日福利等
300564,新能源销售,3年及以上|大专|五险一金|交通补贴|餐饮补贴|专业培训|定期体检|绩效奖金
300565,销售(新能源汽车行业),3年及以上|本科|五险一金|带薪年假|节日福利|定期体检|年终奖金|餐饮补贴|交通补贴|通讯补贴|销售|市场推广|市场开拓|商务沟通|业务计划|产品展示|应对策略|市场行动计划
300566,新能源汽车销售顾问（智己）,1年及以上|大专|销售|餐饮补贴|专业培训|绩效奖金|定期体检|节假日福利
300567,新能源-业务销售经理,2年及以上|大专|商务拓展|客户沟通|商务谈判|五险一金|免费班车|交通补贴|餐饮补贴|专业培训|绩效奖金|年终奖金
300568,新能源服务顾问,2年及以上|大专|年终奖金|定期体检|节日礼金|交通补助|生日礼金|办公软件|数据分析|汽车|维修|电脑|运营管理|服务顾问|汽车售后|客户投诉处理|问题答疑
300569,新能源客户经理,3-4年|大专|五险一金|带薪年假|节日福利|通讯补贴|餐饮补贴|做五休二
300570,新能源汽车销售顾问,无需经验|大专|新能源|五险一金|专业培训|节日福利
300571,新能源销售（光伏及电池行业优先）,5-7年|本科|周末双休|弹性工作|带薪年假|五险一金|绩效奖金|节日福利|做五休二|非标自动化|销售|新能源
300572,新能源汽车充电运营经理,2年及以上|大专|办公软件|市场营销|谈判|合同签订|产品包装|目标分解|供应商选择|资源拓展|业务落地|商务谈判|五险一金|专业培训|弹性工作|过节福利|过节物资
300573,新能源车冲压模具维修,1年|中技/中专|模具|机床|带薪年假|五险一金|周末双休|绩效奖金|节日福利
300574,零售顾问 （沃尔沃新能源）,1年|大专|五险一金|餐饮补贴|专业培训|弹性工作|带薪年假
300575,大客户销售（新能源主机厂）,5年及以上|大专|五险一金|补充医疗保险|交通补贴|餐饮补贴|年终奖金|定期体检
300576,无责底薪8k+新能源车销售顾问,2年|大专|汽车|新能源|展厅|销售经理|客户经理|产品专家|销售|五险一金|专业培训|年终奖金|绩效奖金|通讯补贴|定期体检
300577,DQE工程师（新能源）,3年及以上|大专|五险一金|补充医疗保险|免费班车|交通补贴|通讯补贴|专业培训|年终奖金|双休
300578,电力工程师（新能源行业）,无需经验|大专|工程|机电|五险一金|周末双休|带薪年假|高温补贴|节日福利|绩效奖金|交通补贴|通讯补贴|做五休二
300579,国内销售经理（新能源）,3-4年|大专|储能|光伏|充电桩|销售|五险一金|补充医疗保险|免费班车|交通补贴|餐饮补贴|通讯补贴|专业培训|绩效奖金|年终奖金|定期体检
300580,新能源新车交付岗10+,无需经验|大专|五险一金|年终奖金|客户服务
300581,新能源汽车销售（沃尔沃极星）,1年|大专|五险
300582,BYD-新能源汽车销售,1年|车辆销售|接待客户|服务接待|售车咨询|销售顾问|销售专员|新能源汽车|汽车销售|五险|生日福利|绩效奖金|年终奖金|定期体检|弹性工作|专业培训|中餐
300583,新能源与智能网联汽车学院,无需经验|硕士|教学|车辆工程|电子信息工程|通信工程|测控技术仪器|高等教育|电池|电控|新能源|周末双休|包吃|节日福利|年终奖金|定期体检|绩效奖金|带薪寒暑假|租房补贴
300584,新能源汽车销售顾问+15K,1年|大专|汽车|销售|五险一金|年终奖金
300585,汽车销售及交付岗（新锐新能源汽车）,1年及以上|大专|新能源|汽车销售|五险一金|商业保险|专业培训|员工旅游|定期体检|绩效奖金
300586,新能源汽车高级服务顾问,无需经验|大专|专业培训|五险一金|员工旅游|定期体检|节假日慰问|销售|接待|汽车销售|驾驶|用户体验|讲解|展车|试驾服务|短视频拍摄|中国驾照
300587,新能源电池销售,3-4年|本科|新能源汽车|日企营业经验|日语流利|日语专业|技术营业|蓄电材料装置|市场调查分析|汽车零部件|电源系统销售|车企销售经验|五险一金|补充医疗保险|交通补贴|餐饮补贴|定期体检|年终奖金|绩效奖金|员工旅游|专业培训|通讯补贴
300588,新能源新车交付主管,无需经验|大专|年终奖金|六险一金|客户服务|处理客户
300589,新能源汽车销售顾问,无需经验|中技/中专|汽车销售|汽车新能源|五险一金|员工旅游|专业培训|绩效奖金|年终奖金|提成奖金|包午餐|全勤奖
300590,销售顾问（新能源车）,无需经验|本科|五险一金|带薪年假|包住宿|节日福利|专业培训|弹性工作|员工旅游
300591,生产经理-新能源,3年及以上|大专|生产计划|质量管理|安全生产管理|工艺流程优化|激光焊|管理生产团队|新能源|PACK|储能|电池包|五险一金|专业培训|绩效奖金|年终奖金
300592,Digital Marketing Specialist / 海外市场营销专员,2年|本科|数字营销|B2Bmarketing|海外市场销售|Amazon销售|社交媒体|绩效奖金|五险一金|周末双休|带薪年假|商业保险|定期体检|专业培训|年底奖金|加班补助|购房购车贷款
300593,Marketing Coordinator 市场营销,2年及以上|大专|市场营销|五险一金|通讯补贴|专业培训|绩效奖金|周末双休|工作日午餐|免费咖啡
300594,英语英文市场营销专员English Marketing executive,2年及以上|本科|办公软件|英语|营销|英语口语|粤语|大学英语六级|文档编辑|文书写作|报价书|网站建设|专业培训|年终奖金|弹性工作
300595,律所端市场营销专员,2年及以上|大专|五险一金|专业培训|带薪病假
300596,市场营销经理,3年及以上|大专|五险一金|年终奖金
300597,销售服务辅助岗（市场营销）,无需经验|大专|营销|项目开发|维护客户|交叉营销|拓展市场业务|五险一金|提成奖金|周末双休|专业培训|定期体检|年终奖金|高温补贴
300598,英语英文市场营销专员English Marketing executive,2年及以上|本科|办公软件|英语|营销|英语口语|粤语|大学英语六级|文档编辑|文书写作|报价书|网站建设|专业培训|年终奖金|弹性工作
300599,8K无责单人宿  房产销售 月入两万 市场营销,无需经验|大专|看房|房源信息|合同谈判|网络维护|房产业务|绩效奖金|房地产法规|置业顾问|职业晋升|营销实战|五险一金|员工旅游|专业培训|出国机会|绩效奖金|年终奖金|弹性工作
300600,海外市场营销,3年及以上|本科|管理|营销策略|营销推广|市场信息收集|媒体宣传|市场评估|市场营销策划|营销推广计划|社保|网站维护管理|专业培训|绩效奖金|餐饮补贴|年终奖金|员工旅游|全勤奖|定期体检|出国机会|员工旅游|餐饮补贴|出国机会
300601,市场营销专员,3年及以上|本科|餐饮补贴|专业培训
300602,英语英文市场营销专员English Marketing executive,2年及以上|本科|办公软件|英语|营销|英语口语|粤语|大学英语六级|文档编辑|文书写作|报价书|网站建设|专业培训|年终奖金|弹性工作
300603,市场营销专员,1-2年|大专|客户公关|策划|新媒体运营|市场营销|销售及推广|活动执行|销售|包三餐|包住宿|绩效奖金
300604,市场营销专员,1年及以上|高中|管理|五险|包吃包住
300605,市场营销文案策划,2年及以上|大专|五险一金|专业培训|包住宿|全勤奖|绩效奖金
300606,英语英文市场营销专员English Marketing executive,2年及以上|本科|办公软件|英语|营销|英语口语|粤语|大学英语六级|文档编辑|文书写作|报价书|网站建设|专业培训|年终奖金|弹性工作
300607,市场营销专员,1年及以上|本科|销售|办公软件|office|销售数据|部门内务|销售目标|会议记录|五险一金|专业培训|年终奖金
300608,市场营销专员,1年及以上|大专|销售|数据分析|excel|营销|ppt|抖音|销售渠道|新客户开发|营销计划|应用开发|五险一金|交通补贴|餐饮补贴|通讯补贴|周末双休|定期体检|绩效奖金
300609,Marketing Officer/市场营销专员,2年及以上|本科|快消品|医药|电商|销售转化|营销|电商行业|媒体投放规划|品牌营销|话题策划|社交媒体|五险一金|员工旅游|绩效奖金|股票期权|弹性工作|定期体检|周末双休|专业培训|发展空间大
300610,英语英文市场营销专员English Marketing executive,2年及以上|本科|办公软件|英语|营销|英语口语|粤语|大学英语六级|文档编辑|文书写作|报价书|网站建设|专业培训|年终奖金|弹性工作
300611,市场营销岗,2年及以上|本科|五险一金|补充医疗保险
300612,市场营销,3年及以上|本科|excel|项目管理|英语|产品开发|市场分析|化妆品|新品开发|策划方案|韩语|产品策划|餐饮补贴
300613,市场营销总监,3年及以上|本科|市场总监|航天航空|医疗|医疗器械行业|半导体|项目管理|控制成本|客户关系|法律法规|市场营销计划|五险一金|年终奖金|专业培训|包住宿|餐饮补贴|员工活动|晋升空间
300614,市场营销,2年|大专|市场营销|市场调研|市场开发|广告投放|亚马逊|运营策略|广告学|新闻学|客户筛选|传播学|员工旅游|绩效奖金|年终奖金|定期体检|五险一金
300615,市场营销,5年及以上|国际工程|英语流利
300616,市场营销副总监,3-5年|本科|五险一金|定期体检|专业培训|年终奖金|绩效奖金
300617,市场营销,5年及以上|本科|市场营销|推广|营销|市场调研|市场推广|客户服务|销售渠道|产品定位|销售推广|销售支持|五险一金|交通补贴|餐饮补贴|通讯补贴|年终奖金|弹性工作
300618,海外市场营销,无需经验|本科|出国机会|五险
300619,市场营销高级专员,2年|本科|市场策划|市场推广|活动策划|市场调研分析|竞品分析|媒介推广|市场营销|五险一金|年终奖金|专业培训|弹性工作
300620,市场营销专员,3-4年|本科|数据分析|市场营销|推广|市场调研|广告|销售渠道|新闻|渠道拓展|品牌建设|数字营销|五险一金|补充医疗保险|员工旅游|餐饮补贴|年终奖金|弹性工作|绩效奖金|专业培训
300621,总经理助理（国际市场营销总监）,10年及以上|本科|开发|市场营销|英语|国际贸易|客户开发|销售策略|市场开发|雅思|产品销售|英语口语|五险一金|年终奖金|定期体检|员工旅游|专业培训|节日福利|包吃住
300622,市场营销专员,无需经验|市场营销|协调市场|经验不限|学历不限|五险一金|员工旅游|交通补贴|专业培训|出国机会|绩效奖金
300623,市场营销管理,3年及以上|本科|市场营销|五险一金|补充医疗保险|交通补贴|通讯补贴|专业培训|年终奖金|销售奖金
300624,市场营销专员,2年及以上|本科|推广|市场调研|客户营销|消费者洞察|消费者调研|行业资讯|市场趋势|五险一金|补充医疗保险|专业培训|年终奖金|定期体检|带薪年假
300625,市场营销经理,5年及以上|本科|五险一金|员工旅游|年终奖金|节日福利
300626,市场营销经理,3-4年|本科|办公软件|管理|团队管理|物流|国际贸易|英文|英语口语|监督|发展规划|gsa|五险一金|员工旅游|绩效奖金|定期体检|专业培训|弹性工作|年终奖金|补充公积金
300627,市场营销专员,1-3年|大专|管理|五险一金|补充医疗保险
300628,市场营销与公共关系总监,2年及以上|五险一金|交通补贴|餐饮补贴|提成奖金|周末双休|通讯补贴|出国机会|年终奖金
300629,市场营销助理,3-8年|本科|英语|推广|ps|抖音|排版|微博|策划方案|社交媒体|品牌活动|自媒体运营|做五休二
300630,市场营销,2年|本科|市场营销|营销|活动规划|数字营销|展会活动|营销宣传|五险一金|周末双休|绩效奖金|弹性工作|定期体检|通讯补贴|帶薪年假|節日福利
300631,市场营销策划主管 (MJ008008),5年及以上|本科|五险一金|餐饮补贴|专业培训|绩效奖金|年终奖金|弹性工作|定期体检|周末双休
300632,数据分析师,2年及以上|本科|数据分析|抖音|大数据|数据统计|产品规划|电商运营|报告制作|行业数据分析|五险一金|补充医疗保险|补充公积金|年终奖金
300633,数据分析师,3年及以上|本科|sql|数学|统计分析|分析报告|数据可视化|经营分析|制定预算|决策支持|客服中心|管控措施|五险一金|专业培训|交通补贴|补充医疗保险|五险一金|补充医疗保险|餐饮补贴|通讯补贴|年终奖金|弹性工作|交通补贴
300634,国际数据分析师,2-3年|本科|办公软件|数据分析|市场分析|统计分析|信息管理|市场信息|数据挖掘|报告撰写|英文阅读|市场分析报告|五险一金|节日福利|带薪年假
300635,数据分析师,2年及以上|本科|管理|数据库|数据分析|sop|医药行业|电脑|拜访客户|office软件|数据管理|数据清洗|五险一金|年终奖金|节日福利|专业培训
300636,数据分析专员（营销）,2年及以上|大专|办公软件|数据分析|excel|erp|会计学|crm|销售数据|数据支撑|vlookup|数据透视表|五险一金|员工旅游|专业培训|餐饮补贴|绩效奖金|年终奖金|带薪年假|周末双休|节假日礼金|外地津贴
300637,医保数据分析师/业务分析/BI分析,1年及以上|大专|数据分析|excel|sql|分析报告|业务分析|五险一金
300638,抖音数据分析师,2年|本科|下午茶|股票期权|弹性工作|健身瑜伽|餐补|带薪休假|六险一金|免费三餐|租房补贴|团队氛围好
300639,电商数据分析,2年|本科|数据分析|sql|电子商务|统计|互联网|计算机软件|跨境电商|数据收集|spark|spss|员工旅游|带薪年假|节日福利|五险一金|年终奖金|绩效奖金|餐饮补贴|专业培训
300640,数据分析师,1年|大专|数据|分析|五险一金|餐饮补贴|交通补贴|弹性工作|定期体检|年终奖金|绩效奖金
300641,数据分析师,2年|大专|数据分析|数据采集|报告|数据分析师|专业培训|年终奖金|员工旅游|弹性工作|绩效奖金|五险一金|晋升完善
300642,抖音数据分析师,2年|本科|弹性工作|六险一金|团队氛围好|免费三餐
300643,数据分析师,无需经验|大专|数据分析|五险一金|通讯补贴|生日福利|定期体检|绩效奖金|补充商业保险|证券休市假|节日礼物|过节礼金|免费食堂
300644,数据分析,3年及以上|本科|销售|数据分析|咨询|产品开发|快消品|电商|竞品分析|分析报告|业务协作|数据挖掘|五险一金|提成奖金|专业培训|出国机会|年休假
300645,数据分析师,2年及以上|本科|数据分析|excel|教育|sql|word|统计|报表|广告|分析报告|市场招生|五险一金|绩效奖金
300646,抖音数据分析师,2年|本科|下午茶|股票期权|健身瑜伽|扁平管理|带薪休假|六险一金|团队氛围好|晋升空间大|用户过亿|大牛带队
300647,数据分析师,3-4年|大专|弹性工作|绩效奖金|包住宿
300648,数据分析师(J13428),2年|本科|数据分析|数据运营|数据分析模型|可视化数据|五险一金|节日福利|定期体检|餐饮补贴|带薪年假|绩效奖金|年终奖金
300649,数据分析,2年及以上|本科|计算机|数据分析|数学|统计|分析报告|数据挖掘|sql数据库|数据治理|数据测试|统计编程|五险一金|交通补贴|餐饮补贴|年终奖金
300650,数据分析师,无需经验|本科|数据分析|运营报表|数据提供|业务数据库|五险一金|补充医疗保险|通讯补贴|员工旅游|专业培训|绩效奖金|年终奖金|定期体检|周末双休|提供食宿
300651,数据分析员,1年|本科|数据收集|数据加工|数据分析
300652,2024届三福储备干部-数据分析类（义乌） (MJ001702),无需经验|本科|数据分析|商品结构|统计学|调货计划|五险一金|通讯补贴|年终奖金|节日福利|带薪年假|包住|专业培训|员工饭堂|住房补贴|内部优惠
300653,IT审计助理（网络安全/数据分析）,3-4年|本科|cpa|sap|oracle|sql|erp|审计|信息系统|计算机科学|c||网络安全|五险一金|员工旅游|专业培训|绩效奖金|年终奖金|弹性工作|定期体检
300654,监察高级专员（监察或数据分析方向）,3年及以上|本科|监察|五险一金|免费班车|绩效奖金|年终奖金
300655,日本售后数据分析专员,2-8年|本科|五险一金|双休|办公氛围nice|数据分析|售后|日语|售前|服务|售中|处理数据|数据分析管理|系统工具|部门协同
300656,KA大客户管培生——擅长数据分析,无需经验|硕士|餐饮补贴|交通补贴|绩效奖金|通讯补贴|五险一金|带薪年假|定期体检|年终福利
300657,市场数据分析师-采购（双流区）,5年及以上|本科|办公软件|数据分析|采购|excel|sql|市场营销|食品行业|经济学|销售数据|采购成本|五险一金|员工旅游|专业培训|交通补贴|周末双休|年终奖金|包住宿
300658,监察高级专员（监察或数据分析方向）,3年及以上|本科|监察|五险一金|免费班车|绩效奖金|年终奖金
300659,中国区航线数据分析经理 China TRD Data Analysis Mgr,10年及以上|本科|海运|航线|Reporting|数据分析|五险一金|补充公积金|年终奖金|带薪年假|带薪病假|弹性福利|灵活办公|全面商业保险|CBD办公|国际化管理|多元文化|多样化培训|子女福利|节日福利|13薪
300660,数据分析,1年|本科|sql|python|hadoop|数据分析|五险一金|年终奖金|补充医疗保险|补充公积金|定期体检|交通补贴|绩效奖金
300661,采购主管（生产-偏数据分析）,3年及以上|本科|办公软件|数据分析|采购|excel|谈判|市场调研|powerpoint|采购管理|spss|采购成本|五险一金|免费班车|年终奖金|餐饮补贴|交通补贴|专业培训|周末双休|免费住宿
300662,数据分析师,1年|本科|数据|大数据|互联网|分析|数据清洗|优化|数据整合|采购|五险一金|员工旅游|交通补贴|通讯补贴|专业培训|出国机会|绩效奖金|年终奖金|定期体检
300663,数据分析,1年|本科|五险一金|餐饮补贴|通讯补贴|专业培训|绩效奖金|年终奖金|定期体检
300664,数据分析,1-2年|大专|计算机|数据分析|sql|归档|数据收集|数据可视化|分析|报告|可视化展示|柱状图|餐饮补贴|专业培训|定期体检|社保|年假|工龄津贴|节日福利
300665,电商数据分析师,2年及以上|本科|sql|sas|python|数据结果|数据驱动|统计|数据分析|五险一金|绩效奖金|年终奖金|节假日福利|高温费|双休
300666,数据分析,2年及以上|本科|数据分析|数据统计|运营数据分析|运营数据|数据监测|量化分析|数据挖掘|建模|包吃|包住宿|全勤奖|绩效奖金
300667,数据运营/数据分析师,1年|大专|五险一金|专业培训
300668,数据分析师,2年及以上|本科|数据分析|sql|finereport|免费班车|交通补贴|餐饮补贴|专业培训|定期体检|包吃|五险
300669,电商数据分析师,1年及以上|本科|数据分析|运营|推广|电商|商品企划|数据报表|销售数据|需求设计|复盘|数据敏感度|休闲零食|周末双休|节日福利|年终奖金|弹性工作
300670,数据分析师,无需经验|本科|分析|数据|大数据|数据处理|数据挖掘|统计|数据分析师|sql|五险一金|年终奖金|员工旅游|专业培训|出国机会|节日福利|带薪年假
300671,数据运营专员,3年及以上|大专|数据库|数据分析|excel|sql|数据收集|数据挖掘|数据报表|分析|可视化|清洗|五险一金|年终奖金|绩效奖金|专业培训
300672,人工智能算法应用工程师,2年及以上|硕士|计算机|定制开发|c++|人工智能|五险一金|补充医疗保险|交通补贴|餐饮补贴|通讯补贴|绩效奖金|年终奖金|定期体检|企业年金
300673,人工智能算法工程师,3年及以上|硕士|测试|验收|解决方案|ai|算法|图像处理|机器视觉|opencv|目标检测|人工智能算法|五险一金|定期体检|餐饮补贴|高温补贴|节日福利|全勤奖|带薪年假|加班补助
300674,专利工程师（人工智能/显示）,无需经验|硕士|计算机|软件|产品研发|项目申报|人工智能|技术沟通|计算机科学|专利检索分析|撰写技术资料|项目方案规划|五险一金|交通补贴|餐饮补贴|专业培训|通讯补贴
300675,AI人工智能开发工程师,3年及以上|本科|c++|深度学习|ai|tensorflow|pytorch|python|五险一金|年终奖金|周末双休
300676,初级人工智能工程师(J10327),2年及以上|本科|sql|人工智能|深度学习|自然语言算法|图谱|机器学习|Tensorflow|Pytorch|五险一金|补充医疗保险|交通补贴|餐饮补贴|绩效奖金|定期体检|年终奖金
300677,人工智能工程师,无需经验|硕士|计算机|java|编程|电子信息|编程语言|人工智能|深度学习|人工智能软件|chatgpt|自然语言处理|五险一金|绩效奖金|年终奖金|带薪年假|节日福利|专业培训|定期体检
300678,SYYF307-人工智能高级工程师,3年及以上|本科|机器学习|图像识别|图像处理|计算机视觉|数据挖掘|大数据挖掘|图像分析|五险一金|餐饮补贴|周末双休|弹性工作|专业培训|定期体检|年终奖金
300679,（上海）人工智能软件开发工程师,1-3年|本科|ai|人工智能软件|尖端智能化|五险一金|交通补贴|餐饮补贴|专业培训|绩效奖金|年终奖金|定期体检|带薪假|住宿|通勤车
300680,人工智能开发工程师,2-3年|本科|计算机|linux|方案设计|docker|k8s|tensorflow|nlp|容器|paddlepaddle|人工智能框架|五险一金|年终奖金|带薪年假|定期体检|节日福利|周末双休
300681,人工智能软件开发工程师,3年及以上|本科|人工智能|软件开发|汽车|五险一金|带薪年假|定期体检|员工旅游|年终奖金|补充医疗保险
300682,人工智能软件开发工程师,2年及以上|本科|汽车行业|五险一金|餐饮补贴|免费班车|员工旅游|定期体检|节日福利|各项补贴|年终奖金
300683,汽车人工智能软件开发工程师,无需经验|本科|pc|ai|ws|日语|英语|PoC'SW|汽车行业|汽车人工智能|五险一金|补充医疗保险|免费班车|餐饮补贴|年终奖金|定期体检|住房补贴|加班补助|周末双休|带薪年假
300684,项目经理(AI人工智能方向),无需经验|大专|AI|机器人|人工智能|AI训练师|AI技术|智能化|ChatGPT|AI机器人训练|项目经理|项目管理
300685,人工智能工程师,3-4年|硕士|人工智能|人工智能算法|强化学习|深度学习|svm|五险一金|周末双休|带薪年假|节日福利|弹性工作|专业培训|绩效奖金
300686,人工智能软件开发工程师,2年及以上|本科|汽车行业|五险一金|餐饮补贴|免费班车|员工旅游|定期体检|节日福利|各项补贴|年终奖金
300687,汽车人工智能软件开发工程师,无需经验|本科|英语|日语|ai|智能化|五险一金|补充医疗保险|年终奖金|加班补贴|节日福利|周末双休|住房补贴|带薪年假
300688,人工智能工程师,无需经验|本科|教育|c++|解决方案|项目开发|大数据|编程语言|算法|人工智能|机器学习|深度学习|五险一金|绩效奖金|年终奖金|员工旅游
300689,项目经理(AI人工智能方向),无需经验|大专|AI|机器人|人工智能|AI训练师|项目管理|AI技术|智能化|ChatGPT|项目经理|AI机器人训练
300690,人工智能工程师,5年及以上|本科|c++|编程语言|人工智能|机器学习|深度学习|智能控制|视觉识别|智能语音|环境感知|python|六险二金
300691,汽车人工智能技术组长,3年及以上|本科|英语|汽车行业|日语|ai|功能开发|adas|自动泊车|安全系统|智能驾驶|五险一金|补充医疗保险|年终奖金|加班补贴|节日福利|周末双休|住房补贴|带薪年假
300692,人工智能开发,3-4年|本科|java|c++|编程|前端开发|软件|ai|直播|编程语言|人工智能|代码开发|五险一金|餐饮补贴|绩效奖金|年终奖金
300693,人工智能算法工程师,5年及以上|本科|目标检测|c++|计算机|计算机视觉|深度学习|深度学习框架|图像处理|ai|机器学习|图像检测|员工旅游|年终奖金|五险一金|餐饮补贴|通讯补贴|交通补贴|绩效奖金|专业培训|弹性工作|工龄工资
300694,项目经理(AI人工智能方向),无需经验|大专|AI|机器人|人工智能|AI训练师|项目管理|AI技术|智能化|ChatGPT|项目经理|AI机器人训练
300695,人工智能算法工程师,2年|硕士|人工智能|算法|六险两金|餐补|带薪年假|定期体检|员工餐厅|劳保福利|工会活动
300696,人工智能研发总监,5年及以上|本科|计算机|c++|技术方案|编程语言|机器学习|深度学习|嵌入式|大数据分析|tensorflow|技术解决方案|周末双休|餐饮补贴|弹性工作
300697,人工智能室主任,5-7年|硕士|产品预研|技术预研|雷达系统|系统总师|雷达总师|图像处理|机器学习|深度学习框架|算法研发|模式识别|五险一金|定期体检|员工旅游|餐饮补贴|专业培训|年终奖金|周末双休|通讯补贴|提供住宿|每年多次调薪
300698,人工智能算法专家,无需经验|博士|计算机|ai|算法|人工智能|深度学习|tensorflow|人工智能算法|ai算法|ai框架|ai算法研发|五险一金|餐饮补贴|绩效奖金|年终奖金|弹性工作|定期体检|周末双休
300699,人工智能算法工程师,无需经验|硕士|ai|人工智能|机器学习|五险一金|补充医疗保险|餐饮补贴|通讯补贴|绩效奖金|年终奖金|定期体检|员工宿舍
300700,人工智能算法工程师,无需经验|博士|应用数学|编程|机器学习|深度学习|五险一金|补充医疗保险|补充公积金
300701,人工智能算法专家,1年及以上|硕士|深度学习|机器学习|人工智能算法|电力负荷预测|能源互联网|周末双休|带薪年假|五险一金|绩效奖金|专业培训|节日福利|餐饮补贴|通讯补贴
300702,大数据与人工智能教师（计算机视觉方向）,2年|硕士|算法|人工智能|效果评估|计算机视觉|图像预处理|参数调优|智能科学技术|图像数据处理|预训练模型|实验方法|五险一金|餐饮补贴|免费班车|年终奖金|定期体检|通讯补贴|绩效奖金|专业培训
300703,ai人工智能工程师,无需经验|本科|ai|人工智能|代码|tensorflow|chatgpt|pytorch|nerf|绩效奖金|餐饮补贴|带薪年假|员工旅游|年终奖金
300704,人工智能算法工程师（医学影响）,2年及以上|本科|编程|图像处理|深度学习|计算机科学|项目|医学影像|深度学习框架|影像诊断|影像处理|工程学|五险一金|专业培训|年终奖金|定期体检
300705,人工智能与边缘计算博士研究员,无需经验|博士|人工智能|边缘计算|五险一金|补充医疗保险|免费班车|专业培训|年终奖金|定期体检|周末双休|带薪年假
300706,人工智能工程师,5-7年|本科|法定节假日|五险一金|餐饮补贴|双休|行业前景好|平台大|大牛带队
300707,人工智能开发工程师(J10183),3-5年|本科|需求分析|c++|解决方案|技术方案|人工智能|系统集成|python|数据处理|pytorch|五险一金|周末双休|绩效奖金|全勤奖|带薪年假|员工旅游|每年多次调薪
300708,人工智能教学主管,2年及以上|本科|教学|计算机|授课|编程|数学|统计|机器学习|图像处理|深度学习|tensorflow|餐饮补贴|专业培训|年终奖金|社保
300709,人工智能工程师,3年及以上|本科|java|数据分析|linux|plc|svn|c++|软件工程|ai|编程语言|人工智能|五险一金|定期体检|年终奖金|绩效奖金
300710,产品专员（人工智能）,5年及以上|本科|ai|需求调研|产品规划|产品文档|交互设计|技术方案编写|平台上线|运营管理|开发|用户界面|五险一金|交通补贴|餐饮补贴|通讯补贴|年终奖金|专业培训|有活力的团队|体系化的运作|注重人才发展
300711,部门负责人（人工智能方向）.,5年及以上|本科|计算机|团队管理|经济学|电子信息|投资|股权投资|人工智能|生物科学|企业培育|技术攻关|五险一金|餐饮补贴|通讯补贴|专业培训|绩效奖金|年终奖金|定期体检|企业年金|周末双休
300712,AI专员,无需经验|提成奖金|交通补贴|销售
300713,AI算法工程师,3年及以上|硕士|c++|编程语言|人工智能|计算机科学|tensorflow|测评|视频|计算机视觉|nlp|深度学习框架|五险一金|定期体检|周末双休|年终奖金|餐饮补贴
300714,销售运营 AI-LiNK 品牌先锋-扬州（AO史密斯生态圈岗）,1年及以上|本科|销售|门店销售|直播|新媒体运营
300715,海外AI产品项目总监,无需经验|大专|数据分析|市场分析|AI|创业|储备负责人|公司负责人|商业化|海外市场|软件产品|团队管理|五险一金|补充医疗保险|员工旅游|交通补贴|通讯补贴|专业培训|定期体检|年终奖金|带薪年假|餐饮补贴
300716,AI应用开发工程师,2年及以上|本科|ai平台|ai|五险一金|员工旅游|早九晚六
300717,科大讯飞Ai学习机导购,1年及以上|大专
300718,销售运营 AI-LiNK 品牌先锋-天津（AO史密斯生态圈岗）,1年及以上|本科|年终奖金|新媒体运营|直播|门店销售|销售
300719,AI视觉管培生,无需经验|本科|数据分析|市场营销|产品设计|互联网|ai|视觉传达|移动互联网|客户答疑|商业化|专业培训|绩效奖金|五险一金|带薪年假
300720,AI应用开发工程师,无需经验|硕士|计算机|编程|解决方案|文档编写|数学|技术培训|算法|智能化|数据结构算法|tensorflow|五险一金|专业培训|绩效奖金|年终奖金|弹性工作|定期体检
300721,高级AI系统工程师（子公司岗位）,3年及以上|硕士|需求分析|c++|软件开发|软件工程|ai|技术方案|人工智能|tensorflow|深度学习框架|五险一金|补充医疗保险|交通补贴|餐饮补贴|专业培训|年终奖金|弹性工作|定期体检
300722,销售运营 AI-LiNK 品牌先锋-南昌（AO史密斯生态圈岗）,1年及以上|本科|门店销售|直播|新媒体运营
300723,AI算法工程师,无需经验|本科|c++|linux|算法研究|语音识别|图像识别|ai|java|音视频|CV|SPEECH|弹性工作|出国机会|五险一金|绩效奖金|年终奖金
300724,AI算法工程师,3年及以上|硕士|深度学习模型|数据清洗|目标检测|外观检测|六险一金|年度体检|餐补|项目奖金
300725,AI工程师,2年|本科|人工智能|机器学习|图像处理|深度学习|程序开发|opencv|五险一金|年终奖金|周末双休
300726,销售运营 AI-LiNK 品牌先锋-合肥（AO史密斯生态圈岗）,1年及以上|本科|门店销售|直播|新媒体运营
300727,AI产品专员管培生,无需经验|本科|数据分析|运营|项目管理|axure|人工智能|机器学习|进度跟踪|产品经理|产品说明书|产品改进|专业培训|绩效奖金|五险一金|带薪年假
300728,AI应用开发工程师,无需经验|本科|计算机|linux|ai|性能调优|人工智能|框架|深度学习框架|gpt|本地化部署|python|五险一金|员工旅游|绩效奖金|餐饮补贴|通讯补贴|专业培训|周末双休|五险一金|员工旅游|餐饮补贴|通讯补贴|绩效奖金|年终奖金
300729,AI排序策略-数理逻辑方向,无需经验|本科|下午茶|健身瑜伽|扁平管理|餐补|带薪休假|六险一金|租房补贴
300730,销售运营 AI-LiNK 品牌先锋-济南（AO史密斯生态圈岗）,1年及以上|本科|门店销售|直播|新媒体运营
300731,初级产品经理助理(AI方向),1年|大专|AI|BI|人工智能|需求文档|需求评估|需求分析|竞品分析|产品设计|用户体验|visio|节日福利|通讯补贴|交通补贴|带薪年假|五险一金|专业培训|员工旅游|补充医疗保险|年终奖金|员工培训
300732,外贸业务员,3年及以上|大专|销售|电子|市场营销|外贸|挖掘潜在客户|开发新客户|市场分析|客户资源|led|CET-4|五险一金|通讯补贴|双休|节日福利|零食下午茶|有无线网|法定节假三薪|带薪年假|团建聚餐|全勤奖|工龄奖
300733,外贸业务员,2年及以上|大专|渠道销售|阿里巴巴|外贸业务|商务报价|生产制造业|销售沟通|转化销售|销售业务|会展销售|阿里巴巴国际|绩效奖金|年终奖金|带薪年假|全勤奖|节日福利|广州社保
300734,外贸跟单,1年|绩效奖金|通讯补贴|餐饮补贴
300735,外贸采购专员,无需经验|大专|跟单|开发新产品|采购业务|日语|韩语|供应商|英语|生产|驾照|年终奖金|五险一金|专业培训|弹性工作|绩效奖金
300736,外贸业务员,3-4年|大专|五险一金|员工旅游|免费班车|通讯补贴|餐饮补贴|年终奖金
300737,外贸业务跟单,3年及以上|大专|国际贸易|商务英语|客户服务
300738,外贸业务助理,1年|大专|外贸|食品|五险一金|员工旅游|年终奖金|餐饮补贴
300739,"外贸业务员（提供食宿+奖金+年终14薪,年薪10-20万）",5-7年|本科|贸易|外贸|销售|员工旅游|专业培训|出国机会|绩效奖金|年终奖金|定期体检
300740,英语外贸业务员,无需经验|本科|客户关系|英语四级|发展新客户|facebook|linkedin|skype|ins|跟进客户订单|wechat|开拓新市场|五险一金|专业培训|出国机会|绩效奖金|弹性工作
300741,外贸业务员,2年及以上|本科|英语|宣传|国际贸易|开发客户|市场开拓|开拓市场|外贸销售|订单下达|订单交付|拓宽业务渠道|五险一金|定期体检|加班补贴|住房补贴|带薪年假
300742,外贸业务跟单,3年及以上|大专|国际贸易|商务英语|客户服务
300743,外贸业务（线上）,无需经验|本科|外贸|英语6级|电子商务平台|五险一金
300744,外贸业务员（上市公司急聘,2年及以上|本科|销售|英语|外贸|国际经济贸易|外贸业务|贸易业务|上市公司|五险一金|定期体检|员工旅游|出国机会|专业培训|餐饮补贴|通讯补贴|交通补贴|绩效奖金|年终奖金
300745,阿里巴巴国际站外贸业务员,2年及以上|本科|销售|英语|谈判|外贸|客户开发|业绩考核|客户维系|阿里国际站|订单签订|独立站|五险一金|员工旅游|专业培训|出国机会|绩效奖金|年终奖金|节日福利|周末双休
300746,外贸业务跟单,3年及以上|大专|国际贸易|商务英语|客户服务
300747,外贸服装跟单,3年及以上|大专|服装|外贸|外贸跟单|五险一金|专业培训|出国机会
300748,外贸业务员（五险一金+周末双休）,无需经验|大专|国际贸易|大学英语四级|英语|平台维护|外贸业务员|销售|外贸|外贸专员|业务提成|五险一金|节日福利|餐饮补贴|专业培训|周末双休|年终奖金|出国机会|底薪+提成
300749,外贸员,无需经验|本科|开发新客户|网站更新维护|沟通联络|拓展|国内外参展|五险一金|餐饮补贴|专业培训|出国机会|绩效奖金|年终奖金|定期体检
300750,假发外贸业务专员,1年|大专|开发国外客户|拜访客户|出国机会|英语|业务员|五险一金|员工旅游|绩效奖金|年终奖金
300751,外贸助理 (MJ001424),无需经验|本科|excel|英语|发货|售前售后|跟进客户|外贸助理|cet|员工旅游|定期体检|绩效奖金|餐饮补贴|补充医疗保险|六险一金|员工旅游|免费班车|股票期权|年终奖金|餐饮补贴|绩效奖金
300752,外贸跟单员,1年及以上|大专|外贸|售后|客户沟通|英语四级|跟单|英语读写|订单管理|供应商沟通|外贸流程|物流跟踪
300753,外贸业务员/外贸销售员,2年|本科|外贸|商务英语|电商平台|亚马逊|拓展海外市场|跨境电商客服|跟进订单进度|订单处理|平台询盘|英语四级
300754,外贸业务跟单,1年|大专|外贸业务员|外贸|跟单|外贸专员|外贸业务|补充医疗保险|员工旅游|餐饮补贴|绩效奖金|年终奖金|带薪年假|生日福利|入职五险一金
300755,外贸业务员,无需经验|大专|外贸|签订合同|贸易|订单跟踪|引导客户|编制报价|询盘|贸易规程|女包|商务谈判|五险一金|员工旅游|出国机会|年终奖金|定期体检|有食堂
300756,外贸业务员,1年|大专|外贸业务员|业务员|国际业务员|阿里巴巴|外贸|奖金丰厚|绩效奖金|全勤奖|包吃|包住宿|节日福利|奖金丰厚|员工旅游|餐饮补贴|出国机会|五险
300757,外贸业务员,无需经验|大专|销售|市场开拓|外贸|业务拓展|外贸业务|客户跟进|客户接入|外贸业务流程|外贸业务拓展|货物动态|租房补贴|免费班车|员工旅游|交通补贴|餐饮补贴|专业培训|年终奖金|定期体检
300758,外贸业务员,3-4年|大专|外贸业务员|纺织|跟单|高级业务跟单|服装|五险一金|免费班车|绩效奖金|员工旅游|定期体检
300759,外贸业务员,1年|大专|英语|阿里国际站|开发新客户|双语|开发客户|五险一金|员工旅游|交通补贴|通讯补贴|专业培训|出国机会|绩效奖金|年终奖金|定期体检|提成
300760,外贸业务员,1年|大专|外贸业务员|外贸销售|国际贸易|客户开发|外贸进出口|b2b平台|海关数据|阿里巴巴|进出口业务|海外销售|五险一金|绩效奖金|周末双休|员工旅游|带薪年假|专业培训|节日福利|全勤奖|下午茶福利|假日福利
300761,外贸业务员,1年|大专|外贸|带薪年假|包吃|节日福利|高温补贴|周末双休|年终奖|年终奖金|五险
300762,英语外贸运营业务员,无需经验|大专|销售|谈判|售后服务|国际贸易|维护客户关系|维护老客户|开拓新客户|报价谈判|制定合同|开发海外客户|五险一金|补充医疗保险|补充公积金
300763,B2B外贸业务员,无需经验|大专|英语可用于工|年终奖金|绩效奖金|五险
300764,外贸业务员,1年|大专|国际贸易|销售|外贸|英语|客户维护|市场开发|五险一金|员工旅游|出国机会|专业培训|绩效奖金|年终奖金|弹性工作|定期体检
300765,外贸业务员,1年及以上|大专|销售|办公软件|外贸|英语四级|听说读写|客户公关|国外参展|外贸业务开拓|绩效奖金|员工旅游|交通补贴|出国机会|包三餐|包住宿|带薪年假|全勤奖|五险
300766,阿里巴巴国际站外贸业务员,无需经验|大专|阿里巴巴国际|外贸业务员|绩效奖金|年终奖金
300767,外贸销售跟单,1-2年|本科|双休，氛围轻|五险一金|绩效奖金|专业培训
300768,外贸业务员,3-4年|大专|销售|外贸|市场开发|英语听说读写|订单跟踪|外贸行业|外贸业务|出口业务|跟进客户反馈|五险|年终奖金|全勤奖|法定节假日|节日福利
300769,外贸专k,1年|大专|五险一金|补充医疗保险|通讯补贴|年终奖金|专业培训|定期体检
300770,外贸业务助理,1年|大专
300771,外贸助理,无需经验|大专
300772,前端开发工程师（Vue）,3年及以上|本科|计算机|测试|css|html|javascript|vue|前端|编程|前端开发|echarts|五险一金|餐饮补贴|专业培训
300773,VUE前端开发工程师,3年及以上|本科|五险一金|免费班车|年终奖金|采暖补贴|年终奖|定期体检|食堂
300774,前端开发工程师（Vue）,3年及以上|本科|五险一金|补充医疗保险|专业培训|绩效奖金|定期体检|周末双休
300775,Vue前端开发工程师,5-10年|本科|javascript|vue|开发|html5|编程|前端开发|react|维护|前端框架|vue.js|五险一金|交通补贴|餐饮补贴|通讯补贴|年终奖金|绩效奖金|定期体检
300776,前端开发VUE开发工程师,3年及以上|大专|vue|element_ui|前端开发|前端|javascript|html5|es6|MES|MOM|WMS|五险一金|定期体检
300777,Vue前端开发工程师,3-6年|本科|五险一金|员工旅游|绩效奖金|弹性工作
300778,全栈工程师（Vue.js开发经验）,2年|本科|计算机|javascript|vue|springcloud|前端|html5|react|webpack|vue.js|http协议|周末双休|带薪年假|五险一金|节日福利|通讯补贴|补充医疗保险|年终奖金|弹性工作|定期体检|出差补助
300779,Vue前端开发工程师,1年|大专|计算机|java|调试|js|前端开发|webpack|h5|less|sass|需求设计|包吃|包住宿|购买五险
300780,vue前端开发工程师,3-4年|本科|五险一金|交通补贴|绩效奖金|股票期权|通讯补贴|餐饮补贴|定期体检|员工旅游|专业培训|弹性工作
300781,Vue前端开发工程师,3-4年|本科|vue|前端|五险一金|年终奖金|定期体检|绩效奖金
300782,Vue前端开发工程师,2年|本科|css|vue|前端|html5|js|数据结构|react|设计模式|webpack|es6|弹性工作|绩效奖金|股票期权|五险一金|专业培训|餐饮补贴
300783,Vue前端开发工程师,3-4年|本科|前端开发|五险|餐补|工会
300784,前端开发工程师Vue， React,2年及以上|本科|web前端开发|h5|css|html|element_ui|git|ui框架|Vue3|五险一金|绩效奖金
300785,Vue前端开发工程师,7年及以上|本科|需求分析|开发|前端|js|wms|vue2|tms|大型系统开发|vue3|开发文档|专业培训|绩效奖金|节日福利|员工旅游
300786,Vue前端开发工程师,3-4年|本科|JS|前端开发|Vue.js|五险一金|餐饮补贴|年终奖金
300787,Vue前端开发工程师,2年|本科|软件工程师|软件开发|免费班车|员工旅游|交通补贴|餐饮补贴|通讯补贴|专业培训|节日福利
300788,VUE前端研发工程师,3年及以上|本科|vue|计算机|前端|五险一金|周末双休|带薪年假|节日福利|绩效奖金|餐饮补贴|弹性工作|年终奖金
300789,Vue前端开发工程师,3-4年|本科|员工旅游|专业培训|绩效奖金|年终奖金|弹性工作|定期体检
300790,"Web前端工程师（vue,uni-app,安卓经验）",2年及以上|本科|安卓|vue|uni-app|五险一金|全勤奖|带薪年假|高温补贴|午餐补助
300791,Vue前端开发工程师,5-7年|本科|前端开发|html5|前端|vue开发|前端研发|前端开发设计
300792,Web前端开发工程师,2年|本科|前端|web前端|vue|开发|带薪年假|五险一金|节日福利|高温补贴|项目奖金|年终双薪
300793,Vue前端开发工程师,3-4年|本科|专业培训|绩效奖金
300794,Vue前端开发工程师,3-4年|本科|css|html|javascript|vue|开发|ajax|前端|文档编写|json|前端框架|五险一金
300795,Vue前端开发工程师（金融02）,3-4年|本科|计算机|redis|vue|sqlserver|svn|git|编程|js|mysql数据库|设计模式|五险一金|带薪年假
300796,Vue前端开发工程师,3-4年|本科|css|html|javascript|开发|调试|前端|前端开发|单元测试|编码|selenium|五险一金|补充医疗保险|年终奖金|定期体检
300797,Vue前端开发工程师,3年及以上|本科|javascript|vue|html5|前端开发|react|单元测试|自动化测试|前端框架|angular|nodejs|绩效奖金|员工旅游|五险一金|交通补贴|餐饮补贴|通讯补贴|补充公积金|五险一金|员工旅游|交通补贴|餐饮补贴|通讯补贴
300798,Vue前端开发工程师,3年及以上|大专|css|html|javascript|前端|mvc|前端开发|react|文档编写|前端框架|mes|五险一金|专业培训|绩效奖金
300799,Java前端开发工程师（精通Vue）,1年及以上|大专|计算机|java|mysql|oracle|需求分析|erp|金蝶|文档编写|关系型数据库|二次开发|节日福利|年终奖金|交通补贴|免费食宿
300800,Vue前端开发工程师,1-3年|本科|计算机|mysql|电子|linux|javascript|vue|html5|通信|前端开发|软件测试|五险一金|交通补贴|餐饮补贴|绩效奖金|年终奖金|定期体检|专业培训|通讯补贴
300801,网页前端VUE工程师,1-3年|本科|五险一金|交通补贴|通讯补贴|年终奖金|弹性工作|定期体检|员工旅游|绩效奖金|周末双休
300802,Vue+uniapp前端开发工程师,3年及以上|本科|通讯补贴|节日福利|定期体检|弹性工作|五险一金|证书职称补贴|电脑补助
300803,前端开发工程师,2年及以上|本科|html|前端|h5|前端组件化|hbuilderx|vue框架|需求开发|年终奖金|绩效奖金|五险一金
300804,Vue前端开发工程师,5-7年|本科|vue3|五险一金|免费班车|通讯补贴|餐饮补贴|年终奖金|绩效奖金
300805,Web前端小程序开发,5-7年|本科|vue|小程序|uniapp|五险一金|补充医疗保险|年终奖金|定期体检
300806,Vue前端开发工程师,7年及以上|本科|前端|前端开发|webpack|vue.js|数据交互|开发文档|编码习惯|gulp|优化方案|代码|五险一金
300807,前端开发工程师,3-4年|本科|web前端|html5|vant|vue全家桶|五险一金|年终奖金|周末双休|节日福利|全勤奖|绩效奖金
300808,DS2001前端工程师(上海),5-6年|本科|前端开发|vue|react|angular|前端页面|五险一金|补充公积金|年终奖金|定期体检|餐饮补贴|绩效奖金|员工旅游|专业培训
300809,前端开发工程师,2年|本科|css|html|javascript|前端|git|软件开发|前端开发|vue_router|gis|数据交互|弹性工作|五险一金
300810,Vue前端开发工程师,3-4年|本科|vue框架|五险一金|补充医疗保险|交通补贴|餐饮补贴|通讯补贴|年终奖金|专业培训|定期体检
300811,Vue前端开发工程师,3-5年|本科|vue.js|css3|javascript|web应用|五险一金|定期体检|周末双休|专业培训|弹性工作|绩效奖金|团队氛围
300812,React前端开发工程师,5年及以上|大专|物联网|前端开发|免费班车|交通补贴|餐饮补贴
300813,React开发工程师（英语流利）,5年及以上|大专|前端|英语|git|node.js|web服务器|前端性能优化|优化网站性能|react|router|五险一金|补充商业保险|节日礼物
300814,React前端开发工程师,5年及以上|大专|javascript|react|nodejs|typescript|员工旅游|餐饮补贴|年终奖金|绩效奖金
300815,React Native前端开发（郴洲）,2年及以上|本科|java|javascript|git|android|http|nodejs|kotlin|objective_c|react|native|五险一金|年终奖金|公积金|专业培训|法定节假日
300816,React前端开发工程师,5-7年|本科|react|计算机|前端|html|css|javascript|es6|五险一金
300817,React前端开发工程师,5-7年|本科|英语口语|rn|管理|粤语|jira|jenkins|cicd|对接客户|五险一金|通讯补贴|生日福利|补充商业保险|证券休市假|节日礼物|过节礼金|免费食堂
300818,React+UNI+hook,5年及以上|本科|代码质量|敏捷迭代开发|hook|UNI|五险一金|定期体检|带薪年假|节日福利
300819,React Web开发,2年及以上|本科|css|html|javascript|git|react|http|编程语言|web开发|nodejs|node.js|五险一金|年终奖金|公积金|专业培训|法定节假日
300820,React前端开发工程师,3年及以上|本科|react开发|web端|五险一金|专业培训|下班早|工作氛围超赞|独角兽行业|公司潜力大
300821,React前端开发工程师,5-7年|本科|vue|react|前端开发|周末双休|餐饮补贴|定期体检|五险一金
300822,前端 react-互联网医疗健康-张江,3-4年|本科|前端|react|前端框架|前端技术|复星健康|互联医疗|mvvm|计算机|前后端|https协议|五险一金|年终奖金|做五休二
300823,React Web开发,2年及以上|本科|css|html|javascript|git|web|react|http|编程语言|web开发|Reactweb|五险一金|年终奖金|公积金|专业培训|法定节假日
300824,React前端开发工程师,3年及以上|本科|react开发|web端|五险一金|专业培训|下班早|工作氛围超赞|独角兽行业|公司潜力大
300825,React前端开发工程师,3-4年|本科|react|英文|web前端开发|angular
300826,证券/银行前端开发(react)-普本,3-4年|本科|计算机|css|html|javascript|前端|前端开发|react|antdesign|交易系统|前后端交互|五险一金|年终奖金|做五休二
300827,React前端开发工程师,2年及以上|本科|数据分析|javascript|研发|react|php|etl|网络安全|typescript|python|java|周末双休|带薪年假|五险一金|节日福利|专业培训|交通补贴|通讯补贴
300828,React前端开发工程师,5-7年|本科|web|前端开发|软件开发|web前端|react|五险一金|餐饮补贴|专业培训|绩效奖金
300829,高级react前端开发工程师(J10077),5年及以上|本科|五险一金|年终奖金|弹性工作
300830,前端开发工程师（VUE/react）,3-4年|本科|vue|react|git|nodejs|前端框架|前端开发|五险一金|免费班车|定期体检|员工旅游|做五休二
300831,React前端开发工程师,3年及以上|大专|前端|前端开发|编码习惯|移动端|react框架|五险一金|专业培训|绩效奖金
300832,react前端（英文流利）,1年及以上|本科|计算机|css|html|javascript|webpack|es6|http|英文|node.js|scss|五险一金|专业培训
300833,React前端开发工程师,2年|本科|react|webpack|组件化开发|前端构建|页面架构布局|yarn|微信公众号|git|jquery|前端开发|五险一金|专业培训|员工旅游|年终奖金|定期体检|周末双休|带薪年假|全勤奖|绩效奖金|健身房
300834,React高级前端开发工程师,2年|本科|周末双休|人才推荐奖|话补|节日福利|五险一金|绩效奖金|员工旅游
300835,全栈工程师（Java+React）,3年及以上|本科|java|编程|前端开发|系统架构|react|五险一金|餐饮补贴|住房补贴
300836,React前端开发工程师,7年及以上|本科|前端开发|react|项目开发|webpack|saas
300837,React前端开发工程师,3-4年|大专|css|前端|js|前端开发|react.js|nodejs|ajax|html5|页面开发|五险一金|年终奖金|员工旅游|节假日福利
300838,全栈工程师（Java+React）,7年及以上|本科|java|react|英文|粤语|全栈开发|react框架|专业培训|弹性工作|带薪年假|全额五险一金|外企|稳定平台
300839,React前端开发工程师,3-4年|本科|前端|前端开发|react|维护|react框架|五险一金|带薪年假
300840,React全栈开发工程师 IT应届生可(151431) 日语必须,1年|本科|sass|es6|技术交流|gulp|页面架构布局|nodejs|webpack|前端开发|javascript|html|五险一金|带薪休假|国家法定休假
300841,React前端开发工程师（AEM经验）,4-6年|本科|AEM|英语流利|粤语加分|绩效奖金|六险一金|外企环境|国际化管理
300842,全栈工程师（Java+React/Angular/VUE）,1年及以上|大专|五险一金|外企环境|五险一金|外企环境
300843,React前端开发工程师,3-4年|本科|前端开发|web|react|vue|javascript|html5|抓包|css3|接口调试|组件|五险一金|员工旅游|绩效奖金|年终奖金|定期体检
300844,React前端开发工程师,3年及以上|本科|计算机|css|html|vue|工程管理|前端|前端开发|网络|react|webpack|五险一金
300845,高级react前端开发工程师(J10057),无需经验|本科|前端|五险一金|年终奖金|弹性工作
300846,高级前端开发工程师,5年及以上|本科|五险一金|餐饮补贴|弹性工作|定期体检|交通补贴|年终奖金|绩效奖金
300847,DS2001前端工程师(上海),5-6年|本科|前端开发|vue|react|angular|前端页面|五险一金|补充公积金|年终奖金|定期体检|餐饮补贴|绩效奖金|员工旅游|专业培训
300848,React前端开发工程师,4年及以上|本科|TypeScript|JavaScript|React|五险一金|补充医疗保险|定期体检|周末双休|节日福利|零食下午茶|新技术学习
300849,资深React Native开发工程师,3-4年|本科|c++|app|android|reactnative|react|iOS|五险一金|出国机会|公司氛围好
300850,Vue前端开发工程师,5-10年|本科|javascript|vue|开发|html5|编程|前端开发|react|维护|前端框架|vue.js|五险一金|交通补贴|餐饮补贴|通讯补贴|年终奖金|绩效奖金|定期体检
300851,React前端开发工程师,2年及以上|本科|英语|react|自动化测试|cypress|五险一金|补充医疗保险|餐饮补贴|定期体检|年终奖金|周末双休
300852,算法工程师（C0006）,3-4年|硕士
300853,人工智能算法应用工程师,2年及以上|硕士|计算机|定制开发|c++|人工智能|五险一金|补充医疗保险|交通补贴|餐饮补贴|通讯补贴|绩效奖金|年终奖金|定期体检|企业年金
300854,人工智能算法工程师,3年及以上|硕士|测试|验收|解决方案|ai|算法|图像处理|机器视觉|opencv|目标检测|人工智能算法|五险一金|定期体检|餐饮补贴|高温补贴|节日福利|全勤奖|带薪年假|加班补助
300855,算法工程师,2年及以上|本科|图像处理|halcon|opencv|五险一金|专业培训|绩效奖金|年终奖金|弹性工作|定期体检|带薪年假
300856,LLM算法工程师,3年及以上|硕士|深度学习|分布式训练|编程|五险一金|员工旅游|交通补贴|年终奖金|绩效奖金
300857,电池算法工程师,3年及以上|硕士|数据分析|车辆工程|电化学|电气工程|计算机科学|锂电池|bms|电池管理系统|电池测试|模型创建|五险一金|包吃|包住宿|免费班车|年终奖金|绩效奖金
300858,点云算法工程师,2年及以上|本科|计算机|测试|需求分析|c++|编程|方案设计|数学|可行性分析|图像处理|技术预研|绩效奖金|年终奖金|补充医疗保险
300859,SLAM算法工程师,3年及以上|本科|linux|c++|导航|二维|自动驾驶|路径规划|软件实现|激光slam|cartographer|agv|五险一金|定期体检|餐饮补贴|高温补贴|节日福利|全勤奖|带薪年假|加班补助
300860,视觉机器算法工程师,2-3年|本科|机器视觉算法|sql|qt|c++|五险一金|餐饮补贴|年终奖金|绩效奖金|周末双休|节假日正常
300861,AI算法工程师,无需经验|硕士|计算机|c++|项目开发|软件|英文|编程语言|人工智能|计算机科学|tensorflow|ffmpeg|五险一金|交通补贴|餐饮补贴|专业培训|通讯补贴
300862,运动控制算法工程师,2年及以上|硕士|c++|matlab|运动控制|mems|运动学|算法设计|运动控制算法|性能评估|仿真分析|算法研究|五险一金|定期体检|绩效奖金|年终奖金|补充公积金|员工旅游|补充医疗保险|企业年金
300863,视觉算法工程师（3D）,3年及以上|本科|c++|测量|opencv|三维数据|3d视觉|点云|qt|ubuntu|图像处理|文档编辑|五险一金|定期体检|餐饮补贴|高温补贴|节日福利|全勤奖|带薪年假|加班补助
300864,AI资深研发工程师（算法工程师）,3-5年|硕士|计算机|微电子|半导体|研发|数学|软件|ai|算法|人工智能|人才培养|五险一金|专业培训|定期体检|免费班车|年终奖金
300865,DSP算法工程师,2年|本科|计算机|c++|编程语言|仿真|dsp|音频处理|音频算法|音频调试|优化算法|软件算法开发|员工旅游|定期体检|年终奖金|专业培训|周末双休|包吃包住|生日聚餐
300866,算法工程师,2年及以上|硕士|java|数据结构|大数据|编程语言|算法|语法|机器学习|调优|深度学习|tensorflow|五险一金|交通补贴|专业培训|绩效奖金|定期体检|餐饮补贴|通讯补贴|年终奖金
300867,C++算法工程师,1年|本科|C++|五险一金|员工旅游|年终奖金|绩效奖金|定期体检|股票期权|周末双休|交通补贴|专业培训|弹性工作
300868,电机控制算法工程师,3年及以上|硕士|永磁同步电机|FOC|pmsm|svpwm|带薪年假|包吃|全勤奖|节日福利|五险一金|员工旅游|交通补贴|通讯补贴|专业培训|绩效奖金|年终奖金
300869,软件算法工程师,3年及以上|本科|sop|需求分析|plc|c++|功能测试|c||研发|功能开发|tcp|运动控制|五险一金|交通补贴|餐饮补贴|专业培训|绩效奖金|年终奖金|节日福利
300870,算法技术工程师,无需经验|本科|计算机|linux|c++|编程|通信|半导体|数学|材料|物理|编程语言|定期体检|餐饮补贴|免费班车|年终奖金
300871,控制算法工程师,3年及以上|硕士|仿真|c++|simulink|python|龙门吊|控制算法|强化学习|pid|五险一金|餐饮补贴|年终奖金|绩效奖金
300872,IT产品架构师,3年及以上|大专|mysql|linux|项目管理|vue|c||产品设计|技术方案|postgresql|node.js
300873,系统架构师,5-7年|本科|五险一金|年终奖金|岗位晋升|专业培训|节日福利
300874,高级架构师,3-4年|本科|计算机|java|mysql|oracle|数据分析|redis|sqlserver|质量管理|运维|shell|五险一金|专业培训|餐饮补贴|岗位晋升|员工住宿
300875,后端架构师,3年及以上|本科|java|javascript|go|架构设计|mysql|后端开发|im|五险一金
300876,架构师,5年及以上|本科|数据分析|大数据|架构设计|数据收集|云计算|数据采集|软件系统|数据|系统架构设计|数据存储|五险一金|餐饮补贴|通讯补贴|年终奖金|绩效奖金|交通补贴|员工旅游
300877,系统架构师,5-7年|本科|java|c++|周末双休|定期体检|节日福利|带薪年假|通讯补贴|补充医疗保险|五险一金|年终奖金|交通补贴
300878,首席架构师,10年及以上|本科|技术架构|Azure/AWS|LLM等AI技术|英文文档读写|五险一金|员工旅游|年终奖金|绩效奖金|专业培训|定期体检|年度调薪
300879,数字化平台架构师,8年及以上|本科|集成平台|工业物联|MES|五险一金|定期体检|绩效奖金|年终奖金|带薪年假|定期体检|绩效奖金|带薪年假|提供住宿|文体协会|六险一金|年终奖1-6月|一档医疗|7号发工资|视频面试
300880,软件架构师-杭州,8年及以上|本科|计算机|数据库|电子|医疗器械|需求分析|c++|生物医学工程|架构设计|技术指导|建模|五险一金|专业培训|绩效奖金|包吃|节日福利|白班
300881,高级架构师,3年及以上|大专|敏捷开发|开发框架|系统架构设计|系统架构|软件工程|数据库|计算机|系统安全|需求分析|架构设计|五险一金|员工旅游|交通补贴|餐饮补贴|绩效奖金|定期体检
300882,架构师,10年及以上|本科|java|linux|springboot|mybatis|财务|sql|maven|springcloud|git|面向对象|五险一金
300883,高级架构师,3-4年|本科|springcloud|redis|oracle|idea|plsql|react|flask|架构|java|springboot|五险一金|绩效奖金|专业培训|定期体检|员工旅游
300884,devops平台架构师/高级开发工程师,8年及以上|本科|培训|计算机|mysql|数据库|mybatis|redis|maven|springcloud|git|idea|五险一金|年终奖金|专业培训
300885,软件架构师,8-9年|本科|java|架构师|五险一金|绩效奖金
300886,架构师,5年及以上|本科|计算机|java|软件开发|技术方案|架构设计|五险一金|补充医疗保险|交通补贴|通讯补贴|绩效奖金|定期体检|专业培训|员工旅游
300887,后端研发架构师,5-7年|本科|弹性工作|扁平管理|六险一金|团队氛围好|晋升空间大|用户过亿|大牛带队|免费三餐|租房补贴
300888,系统架构师,10年及以上|本科|计算机|团队管理|软件开发|架构设计|技术选型|人工智能|系统需求分析|技术方案设计|架构|技术决策|五险一金|餐饮补贴|过节福利|年度奖金另计
300889,系统架构师,5-7年|本科|开发|周末双休|带薪年假|节日福利|五险一金|年终奖金|绩效奖金
300890,技术架构师,5-7年|本科|架构设计|系统架构|软件开发|五险一金|补充医疗保险|餐饮补贴|通讯补贴|专业培训|定期体检|年终奖金
300891,Java架构师,6年及以上|本科|计算机|java|mysql|springboot|mybatis|springmvc|redis|maven|git|软件工程|餐饮补贴|绩效奖金|五险|年终奖金|年终奖金|包吃包住|五险
300892,Web前端开发(熟悉uniapp优先),3年及以上|本科|java|jquery|css|html|vue|js|mvc|数据结构|前端框架|angular|五险一金|员工旅游|专业培训|带薪年假|包吃|包住|交通补贴|五险一金|员工旅游|年终奖金|绩效奖金
300893,移动前端开发工程师(Vue UniApp),2年|本科|前端开发|五险一金|免费班车|年终奖金|公司班车|党组织关系|生日津贴
300894,uniapp前端开发工程,无需经验|大专|五险一金
300895,uniapp移动开发工程师,3年及以上|本科|css|html|javascript|开发|ajax|前端|前端开发|研发|app|android|五险一金|员工旅游|绩效奖金|专业培训|优秀员工奖
300896,uniapp程序员,1年及以上|大专|计算机|运维|app|项目开发|修复|问题定位|后端php|运营app|专业培训|加班补贴|包吃|五险一金|周末双休
300897,Vue+uniapp前端开发工程师,3年及以上|本科|通讯补贴|节日福利|定期体检|弹性工作|五险一金|证书职称补贴|电脑补助
300898,前端开发工程师（Vue）,3年及以上|本科|五险一金|补充医疗保险|专业培训|绩效奖金|定期体检|周末双休
300899,Web前端开发工程师,2年|本科|五险一金|补充医疗保险|交通补贴|餐饮补贴|通讯补贴|定期体检
300900,Web前端小程序开发,5-7年|本科|vue|小程序|uniapp|五险一金|补充医疗保险|年终奖金|定期体检
300901,uniapp开发工程师,2年|大专|uniapp|vue|nodejs|全栈开发|五险一金|餐饮补贴|年终奖金|定期体检
300902,前端开发工程师,2年及以上|本科|html|前端|h5|前端组件化|hbuilderx|vue框架|需求开发|年终奖金|绩效奖金|五险一金
300903,小程序开发工程师,3年及以上|大专|股票期权|年终奖金|绩效奖金|员工旅游|弹性工作
300904,高级前端开发工程师,3年及以上|本科|vue2|uniapp|vue3|前端|前端框架|前端开发|五险一金|餐饮补贴|弹性工作|年终奖金
300905,前端工程师,3年及以上|本科|五险一金|员工旅游|专业培训|出国机会|绩效奖金|年终奖金|双休
300906,前端开发VUE开发工程师,3年及以上|大专|vue|element_ui|前端开发|前端|javascript|html5|es6|MES|MOM|WMS|五险一金|定期体检
300907,Web前端开发,2年|本科
300908,前端开发工程师,2年|本科|html5|前端开发|页面重构|web前端开发|vue框架|模块化|javascript|ui库|http|三维gis|五险一金|补充医疗保险|餐饮补贴|定期体检|年终奖金
300909,前端开发工程师,2-6年|本科|周末双休|带薪年假|五险一金|节日福利|交通补贴|餐饮补贴|通讯补贴|带薪病假|员工旅游|商业保险
300910,Web前端开发工程师,2年|前端开发|web|web前端|开发|HTML5|H5|vue|软件开发|web开发|ui设计图|五险|餐饮补贴|交通补贴|通讯补贴|员工旅游|年终奖金|周末双休|节日福利|法定节假日|专业培训
300911,前端开发工程师,3年及以上|大专|封装前段组件|移动H5|小程序开发|可视化技术|五险一金|员工旅游|交通补贴|餐饮补贴|通讯补贴|专业培训|年终奖金|定期体检|结婚福利|生子福利|生日红包
300912,产品经理（区块链）,2年|本科|区块链|nft|IM|智能合约|补充医疗保险|五险一金|周末双休|免费午餐
300913,新媒体区块链,无需经验
300914,运营专员（区块链）,1年|本科|运营|技术服务|区块链|商业服务|区块链技术|平台支撑|信息通讯|五险一金|交通补贴|餐饮补贴|通讯补贴|定期体检
300915,区块链/数字人民币业务岗,2年|本科|计算机|区块链|数字人民币|补充医疗保险|免费班车|五险二金
300916,区块链产品经理,3-4年|本科|员工旅游|餐饮补贴|年终奖金|绩效奖金
300917,网络销售区块链,无需经验
300918,区块链开发工程师,1年及以上|本科|区块链|多线程|区块链平台|数据结构算法|五险一金|交通补贴|绩效奖金
300919,校招-区块链开发工程师(J10336),无需经验|本科|区块链开发|五险一金|补充公积金|绩效奖金|定期体检|企业年金
300920,区块链研发工程师(J11366),3-4年|本科|五险一金|年终奖金|定期体检
300921,合约区块链,无需经验
300922,PHP区块链技术开发,5年及以上|大专|计算机|php|区块链|项目外包|小团队管理|dapp|defi|laravel框架|提成奖金|专业培训|员工旅游|年终奖金|绩效奖金
300923,区块链开发工程师(J10318),3年及以上|本科|区块链|五险一金|补充公积金|绩效奖金|定期体检|企业年金
300924,区块链存储专家,无需经验|硕士|计算机|mysql|数据库|c++|软件开发|数据结构|架构设计|网络通信|golang|年终奖金|五险一金|交通补贴|餐饮补贴|双休
300925,区块链开发工程师,2年|本科|计算机|golang|数据结构|https|加解密算法|mysql|KV数据库|redis|memcached|shell|带薪年假|五险一金|商业保险|年终奖金|绩效奖金
300926,区块链工程师,1年及以上|本科|java|linux|解决方案|软件工程|架构设计|区块链|go|pos|智能合约|ipfs|五险一金|餐饮补贴|绩效奖金|交通补贴|节日福利|周末双休
300927,区块链解决方案(J10327),5年及以上|本科|解决方案|五险一金|补充公积金|绩效奖金|定期体检|企业年金
300928,区块链密码学专家,无需经验|硕士|计算机|c++|编程语言|区块链|go|数据存储|数据安全|应用数学|安全方案|年终奖金|五险一金|交通补贴|餐饮补贴|双休
300929,区块链高级技术专家(A174380),2年及以上|博士|培训|计算机|java|开发|产品设计|数学|编程语言|产品研发|研究报告|区块链|五险一金|补充医疗保险|免费班车|通讯补贴|定期体检
300930,信息安全（区块链方向）专职教师（本科）,3-4年|硕士|免费班车|包住宿|餐饮补贴|五险一金|定期体检
300931,区块链应用产品经理（要求区块链经验）,6年及以上|大专|计算机|需求文档|开发计划|业务分析|区块链|产品原型|需求梳理|产品文档|金融|银行|全额公积金|13薪
300932,网络安全工程师,2年及以上|本科|安全防护系统|网络安全技术|网站渗透|ddos攻击|ddos攻防|服务漏洞扫描|数据包结构|网络安全管理|tcp/ip协议|sql注入|交通补贴|绩效奖金|定期体检|五险一金|免费班车|带薪高温假|多晋升通道
300933,网络安全工程师,3年及以上|本科|通信|文档编写|计算机网络|网络安全|iso|渗透测试|cisp|安全加固|等级保护|能源行业|五险一金|定期体检|五险一金|定期体检
300934,网络安全工程师,3年及以上|本科|安全服务|电力监控系统|测评报告|网络安全保障|风险评估报告|网络安全运维|安全检测|五险一金|补充医疗保险|补充养老保险|专业培训|节日福利|定期体检|免费班车|年终奖金|周末双休
300935,高级网络安全工程师,5年及以上|本科|管理|数据库|项目管理|团队管理|客户沟通|运维|服务器|大数据|质量控制|中间件|周末双休|带薪年假|五险一金|绩效奖金|餐饮补贴|节日福利|补充医疗保险|年终奖金|定期体检|节日补贴
300936,网络安全工程师 (MJ000123),3年及以上|大专|网络安全|安全措施|安全加固|安全攻防|安全审查|漏洞管理|五险一金|员工旅游|专业培训|年终奖金|绩效奖金|定期体检|员工宿舍|五险一金|员工旅游|专业培训
300937,网络安全测评工程师-研发中心,2年|本科|渗透测试|网络安全|五险一金|绩效奖金|餐饮补贴|年终奖金|股票期权|专业培训|定期体检
300938,网络安全工程师,3年及以上|本科|安全服务|电力监控系统|测评报告|网络安全保障|风险评估报告|网络安全运维|安全检测|五险一金|补充医疗保险|补充养老保险|专业培训|节日福利|定期体检|免费班车|年终奖金|周末双休
300939,驻场IT网络安全工程师,3-4年|本科|系统运维|网络|安全|CCIE|五险一金|专业培训|年终奖金|员工旅游|定期体检
300940,网络安全售前工程师,3-4年|大专
300941,网络安全运维工程师,3年及以上|本科|驻场运维|网络工程师|信息安全|五险一金|年终奖金|绩效奖金|定期体检
300942,信息安全工程师/网络安全工程师/信息安全分析专家,5-7年|大专|网络安全|信息安全|安全审计|安全分析|SIEM|CISA|CISM|CISSP|GIAC|Security+|五险一金|员工旅游|定期体检|年终奖金|绩效奖金|补充医疗保险|专业培训
300943,高级网络安全工程师,3-4年|本科|网络安全|go|应急处理|数据安全|安全防护|漏洞扫描|nmap|网络安全攻防|ips|nessus|餐饮补贴|专业培训|五险一金|补充医疗保险|年终奖金|定期体检|绩效奖金|企业年金|员工团体险|雇主责任险
300944,网络安全等级保护测评师（项目经理）(J10007),3年及以上|本科|项目管理|安全|测评|测评报告|保测评|带薪年假|五险一金|绩效奖金|餐饮补贴|周末双休|年终奖金
300945,高级网络安全运维工程师,5-7年|本科|防火墙|交换机|运行维护|渗透测试|cisp|安全产品|cissp|漏洞扫描|ips|ccie|五险一金|员工旅游|专业培训|年终奖金|弹性工作|定期体检
300946,网络安全工程师,2年|本科|计算机|网络安全|电商平台|tcp|ip协议|防火墙|安全漏洞|网络安全攻防|安全评估|ddos|五险一金|带薪年假|高温补贴|节日福利|定期体检|通讯补贴|工作餐|生日福利|司龄工资
300947,网络安全标准分析工程师,2年及以上|本科|宣传|安全|sw|security|安全分析|网络安全标准|hw|网络安全漏洞|五险一金|专业培训|出国机会|年终奖金|弹性工作|定期体检|周末双休|带薪年假
300948,网络安全等级保护测评师（项目经理）(J10036),5年及以上|本科|培训|计算机|管理|售前支持|项目策划|网络工程|管理培训|政策法规|cisp|安全服务|带薪年假|五险一金|绩效奖金|餐饮补贴|周末双休|年终奖金
300949,网络安全工程师(007104),3-4年|本科|网络安全|防火墙|网络工程|应急演练|渗透测试|安全产品|cissp|漏洞扫描|cisp_pte|五险一金|定期体检|专业培训|周末双休
300950,网络安全工程师,3年及以上|本科|安全日志|渗透测试|安全设备|安全巡检|安全服务|linux|java|go|脚本语言|五险一金|定期体检|周末双休|电脑补贴
300951,网络安全工程师,3年及以上|本科|网络安全|五险一金|年终奖金
300952,CNC操作员,2年|高中|cnc|加工中心|操作工|五险一金|餐饮补贴|绩效奖金|专业培训|员工旅游|年终奖金|意外保险|五天半工作制
300953,CNC调机技术员,3年|中技/中专|五轴加工中心|机械加工|质量要求|刀具|产品自检|工装验证|机械图纸|机械制造|自检|五险一金|年终奖金|专业培训|包住宿|餐饮补贴|员工旅游|员工活动|晋升空间
300954,机械加工设备全般,5-7年|大专|机械工程师|五险一金|绩效奖金|年终奖金|员工旅游|出国机会|专业培训
300955,数控车床,1年及以上|中技/中专|五险一金|免费班车|员工旅游|餐饮补贴|专业培训|绩效奖金|定期体检
300956,CNC操机学徒,无需经验|高中|五险一金|补充医疗保险|员工旅游|专业培训|绩效奖金|弹性工作|定期体检|周末双休|带薪年假|带薪病假
300957,CNC机内测量技师/CNC机床探头技术员,3年及以上|中技/中专|测试|机床|加工中心操机|餐饮补贴|专业培训|绩效奖金|年终奖金|弹性工作|包吃包住|五险
300958,加工中心操机,2年及以上|中技/中专|五险一金|绩效奖金|年终奖金|员工旅游|出国机会|专业培训
300959,慢走丝师傅,5-7年|中技/中专|慢走丝|数控机床|专业培训|定期体检|岗位晋升|带薪年假|通讯补贴|包吃包住
300960,CNC加工中心操作工,2年|高中|带薪年假|五险一金|包吃|包住宿|绩效奖金|全勤奖|节日福利|加班补贴|做五休二
300961,CNC操作员,3年及以上|中技/中专|五险一金|包吃|包住|节日福利|员工旅游|年终奖金|五天工作制|免费住宿|免费工作餐|团建福利|咖啡厅|图书馆|健身房|报告厅
300962,激光機開料師傅/學徒,1年及以上|中技/中专|五险一金|员工旅游|餐饮补贴|通讯补贴|专业培训|绩效奖金|高温补贴|加班补贴|全勤奖|节日福利
300963,数控车床师傅,2年|数控|cnc|数控车床|车工|操作工|技工|编程|加工中心|绩效奖金|餐饮补贴|弹性工作|带薪年假|工龄奖|包吃包住|住房补贴
300964,数控机床操机员,3-4年|中技/中专|数控机床|法兰克系统|产品制造|装夹|维护保养|五险一金|员工旅游|绩效奖金
300965,龙门加工中心操作工,1-3年|图纸|五险一金|餐饮补贴|加班补助|五险
300966,数控车床师傅,5-7年
300967,数控操机员、普工（无需经验）,1年|初中及以下|机床|车床|操机|模具|绩效奖金|餐饮补贴|弹性工作|带薪年假|工龄奖|包吃包住|住房补贴
300968,数控学徒,无需经验|初中及以下
300969,CNC技术员,3年及以上
300970,数控龙门铣,3年及以上|中技/中专|餐饮补贴|出国机会|年终奖金|绩效奖金|五险一金|交通补贴|员工旅游
300971,CNC技术员,1-3年|中技/中专|五险一金|通讯补贴|绩效奖金|年终奖金
300972,数控车铣复合技术员,3-4年|中技/中专|数控|五险一金|员工旅游|免费班车|专业培训|绩效奖金|年终奖金|定期体检
300973,数控车床,3年及以上|中技/中专|五险一金|补充医疗保险|免费班车|通讯补贴|年终奖金|定期体检
300974,CNC技工,无需经验|中技/中专|编程|加工中心|保养|工程图纸|机械操作|法兰克|卧加|龙门|五险一金|补充医疗保险|补充公积金|交通补贴|通讯补贴
300975,加工中心、数控编程技工,3年及以上|中技/中专|工装夹具|数控编程|三菱系统|磨钻头|换刀|进程|刀补|包吃|五险|租房补贴|带薪年假|节日福利
300976,CNC/数控操机,无需经验|中技/中专|绩效奖金|定期体检|节假日福利
300977,PG（光曲磨）,3年及以上|高中|带薪年假|五险一金|包吃|包住宿|节日福利
300978,CNC加工中心操作工,2年及以上|餐饮补贴|专业培训|五险|单休|包吃包住
300979,数控车工,无需经验|高中|交通补贴|年终奖金|定期体检|五险|包住|过节福利
300980,数控/CNC操作带班师傅,5-7年|高中|数控|CNC|操作工|机械|编程|图纸|量具|对刀|加工中心|五险一金|员工旅游|餐饮补贴|通讯补贴|专业培训|年终奖金|定期体检|生日福利|提供食宿|全勤奖工龄奖
300981,数控车床,3-4年|大专|五险一金|免费班车|绩效奖金|年终奖金|员工旅游|专业培训|定期体检|通讯补贴|免费食堂|免费公寓住宿
300982,月薪12000/数控机床操作工,3-4年|大专|图纸|量具|大车床|补充医疗保险|餐饮补贴|五险一金|专业培训|定期体检
300983,加工中心操作工,1年|中技/中专|加工中心|五险一金|餐饮补贴|专业培训|绩效奖金|定期体检|节日福利
300984,CNC数控车床,1年|中技/中专|CNC|数控|加工中心|数控车床|五险一金|包吃|节日福利|高温补贴|交通补贴|全勤奖|带薪年假|加班补贴
300985,数控机床操作人员,2年|中技/中专|五险一金|年终奖金|免费班车|补充公积金|专业培训|定期体检|员工旅游|交通补贴
300986,CNC操作员,4年及以上|三菱|法兰克系统|cnc|看图|机械自动化|五险|包吃住|部门绩效奖
300987,CNC操机,3-4年|中技/中专|机床|操机|机加工|绩效奖金|包吃|包住宿|五险一金|加班补贴|节日福利
300988,加工中心调机,3-4年|初中及以下|产品调试|加工|全勤奖|定期体检|包吃|节日福利|绩效奖金|五险
300989,新厂区CNC操作工,2年|中技/中专|加工中心|三菱系统|法兰克|五险一金|年终奖金|专业培训|定期体检
300990,CNC操机员（注塑模具加工）,5年及以上|中技/中专|机加工|操机|员工旅游|年终奖金|通讯补贴|五险一金|专业培训|定期体检|包吃
300991,CNC/数控技术员,2年及以上|中技/中专|包吃住|员工宿舍|商业保险|全勤奖|专业培训|竞争力薪酬|员工食堂|节日福利|员工体检|培训成长|五险
300992,CNC操作员,2年|cnc|数控|加工中心|数控车床|塑胶|带薪年假|包住宿|节日福利|社保|五险
300993,CNC技术员,无需经验|中技/中专|餐饮补贴|专业培训|不定时下午茶|节日福利|带薪年假
300994,数控车工,3-4年|中技/中专|车工|交通补贴|年终奖金|绩效奖金|节日福利
300995,CNC加工中心操作工（包吃住，无夜班）,3年及以上|高中|法兰克|调机|三菱系统|磨钻头|铣刀|手工编程|五险一金|免费工作餐|免费住宿|其他福利等
300996,CNC调机师傅,4年及以上|五险一金|补充医疗保险|补充公积金|专业培训|年终奖金|定期体检|包吃包住
300997,CNC操机,3-4年|数控操机|CNC操机|CNC操作员|数控操作员|数控编程|CNC编程
300998,CNC技术员,3-4年|高中
300999,数控车床工（包吃住）,3年及以上|高中|法兰克|数控车床|五险一金|免费工作餐|免费住宿|其他福利等
301000,机械加工,3年及以上|大专|机加工|模具加工|机械加工|员工宿舍|餐饮补贴|五险一金|带薪年假
301001,卧式加工中心,3-4年|中技/中专|CNC|包住宿|加班补贴|绩效奖金|五险一金|包三餐
301002,CNC操机,3-4年|高中|机床|模具|数控车|操机|五险一金|绩效奖金
301003,数控车师傅,2年|初中及以下|数控|车工|五险一金|员工旅游|餐饮补贴|年终奖金|绩效奖金
301004,数控机床操作工,1年|机床熟练工|五险一金
301005,数控车工,3-4年|中技/中专|数车|包住宿|加班补贴|绩效奖金|包三餐
301006,数控车床高级技师,8年及以上|高中|包吃|餐饮补贴|带薪年假
301007,数控操机师傅,3-4年|高中|五险一金|餐饮补贴|专业培训
301008,CNC学徒,无需经验|高中|五险|包吃包住
301009,CNC技术员,2年|中技/中专|五险一金|专业培训|股票期权|定期体检|绩效奖金|年终奖金
301010,CNC技术员（加工精密散件，两班倒）,5-7年|中技/中专|三菱系统|散件|调机|五险一金|包吃住
301011,CNC/数控操机,1年及以上|绩效奖金|弹性工作|加班补贴|员工旅游|节日福利|社保|补充医疗保险
301012,数控车床师傅,2年|中技/中专|车削|广数系统|钢件|车床加工|数控车床|车铣复合|五险一金|年终奖金|绩效奖金
301013,CNC加工技术员,2年|初中及以下|会自调自操|绩效奖金|年终奖金|定期体检|五险|超产能奖
301014,CNC学徒,无需经验|中技/中专|五险一金|包吃住
301015,CNC调机员,2年及以上|发那科|四轴|五险一金
301016,CNC技术员,3年及以上|中技/中专|五险一金|专业培训|年终奖金
301017,龙门技术员,3年及以上|中技/中专|五险|包吃包住
301018,CNC技术员（批量，两班倒）,3年及以上|中技/中专|五险一金|包吃住
301019,CNC操机,3-4年|中技/中专|五险一金|包住宿|节日福利|年终奖金|绩效奖金|住房补贴
301020,CNC操作员,3-4年|大专
301021,加工中心技工,2年及以上|高中|五险|包吃包住
301022,CNC操机,2年|高中|节日福利|全勤奖|绩效奖金|弹性工作|补充医疗保险|做六休一
301023,CNC技术员,3-4年|高中|五险一金|员工旅游|专业培训|绩效奖金|年终奖金
301024,数控车师傅,3-5年|中技/中专|五险一金|餐饮补贴|包住宿
301025,加工中心技工,2年|高中|维护保养|导航|三菱系统|生产记录|卧加|龙门|优化工艺|cnc|法兰克|五险|全勤奖|包吃包住|单休
301026,CNC操机,1年|中技/中专|机加工|操机|餐饮补贴|绩效奖金
301027,公明诚聘EDM师傅,1年|包住宿|餐饮补贴|社保
301028,数控车工,1年|数控车床|编程|五险一金|定期体检|员工旅游|包吃包住
301029,CNC中高级技术员,2年及以上|中技/中专|五险|包吃包住
301030,数控车工师傅,3-4年|高中|包住宿|绩效奖金|年终奖金
301031,数控车床工,3-4年|初中及以下
301032,质检员     QC,3-4年|中技/中专|模具|检测员|弹性工作|带薪年假|加班补贴
301033,数控车床操作工,3-4年|中技/中专|带薪年假|五险一金|包吃|包住宿|节日福利|加班补贴|高温补贴|定期体检|做五休二
301034,CNC技术员,3-4年|大专|带薪年假|五险一金|包吃|免费班车|节日福利|专业培训|加班补贴|绩效奖金|年终奖金|住房补贴
301035,技术员，普工，车工,2年|高中|包吃|节日福利|社保|餐饮补贴|岗位补贴
301036,CNC技术员,3年及以上|高中|全勤奖|节日福利
301037,数控车学徒,无需经验|中技/中专
301038,CNC/数控操机,无需经验|中技/中专|编程|数控车床|维护保养|数控|自检|劳动纪律|交接班|工艺图纸|首检|测量尺寸|餐饮补贴|五险|免费食宿|年度体检|生日福利|节假日福利|满勤奖|夜班津贴|春节路费报销|春节开门红包|工龄奖
301039,加工中心操机,5-7年|高中|CNC操机|加工中心操机|加工中心|包吃|社保|节日福利|年终奖金|住房补贴
301040,数控编程兼操作工,无需经验|中技/中专|五险一金|包住宿|节日福利|年终奖金
301041,数控车床技术员,2年及以上|大专|五险|加班费另计
301042,数控机床工程师,2年|大专|五险一金
301043,数控铣工,1年|中技/中专|数控|铣工|五险一金|员工旅游|定期体检|专业培训|绩效奖金|年终奖金|节日福利|生日福利
301044,数控车工,1年及以上|中技/中专|绩效奖金|包吃|包住宿|全勤奖
301045,CNC调机员,1年|中技/中专|cnc|节日福利|五险|带薪年假|包吃包住|工龄工资
301046,CNC操作员,2年|中技/中专|机床|数控车|机加工|车床|操机
301047,CNC加工中心操作工,3年及以上|中技/中专|节日福利|包吃|带薪年假|五险一金|包住宿|住房补贴
301048,装配电工,2年|中技/中专|电工|装配|技工|电气装配|自动化|调试|装配工|餐饮补贴|交通补贴|通讯补贴|定期体检|弹性工作|年终奖金|绩效奖金|包吃包住|养老保险
301049,CNC技术员,1年|中技/中专|五险一金|通讯补贴|专业培训|年终奖金|股票期权|定期体检|员工旅游
301050,CNC操作员,3年及以上|中技/中专|五险一金|专业培训|五险一金|交通补贴|餐饮补贴|年终奖金|绩效奖金
301051,数控加工中心操作工,2年|中技/中专|绩效奖金|包住|定期体检|专业培训|五大保险|餐费补贴
